video_id,label,split,manipulation_family,manipulation_type,n_face_frames,video_score_mode,detector_score,detector_pred
Celeb-real__id0_0002__9e73ac85,real,val,nan,Celeb-real,59,mean,0.9309049152721793,1
Celeb-real__id0_0005__c45f0938,real,val,nan,Celeb-real,77,mean,0.5995367818645069,1
Celeb-real__id0_0007__4f22f911,real,val,nan,Celeb-real,80,mean,0.37481582823966164,0
Celeb-real__id10_0000__9273e8bc,real,test,nan,Celeb-real,40,mean,0.8419862334616482,1
Celeb-real__id10_0002__6a16be4b,real,test,nan,Celeb-real,54,mean,0.34907021247178177,0
Celeb-real__id10_0004__2f2a56d2,real,test,nan,Celeb-real,87,mean,0.23934795490155616,0
Celeb-real__id10_0006__556711a5,real,test,nan,Celeb-real,27,mean,0.7024249591761165,1
Celeb-real__id10_0007__841eee79,real,test,nan,Celeb-real,83,mean,0.9241180816687733,1
Celeb-real__id10_0009__00911e7c,real,test,nan,Celeb-real,90,mean,0.6455271744738437,1
Celeb-real__id11_0001__5a90326e,real,train,nan,Celeb-real,74,mean,0.8175166622559363,1
Celeb-real__id11_0003__52787b89,real,train,nan,Celeb-real,53,mean,0.9639230494229298,1
Celeb-real__id11_0007__e727fe81,real,train,nan,Celeb-real,54,mean,0.8397507071495056,1
Celeb-real__id12_0001__49a98782,real,train,nan,Celeb-real,67,mean,0.6681234364522927,1
Celeb-real__id12_0006__637d998d,real,train,nan,Celeb-real,52,mean,0.971086687193467,1
Celeb-real__id13_0008__0323fc47,real,train,nan,Celeb-real,77,mean,0.8334389966610191,1
Celeb-real__id13_0011__dee78c96,real,train,nan,Celeb-real,78,mean,0.9989243394289261,1
Celeb-real__id13_0012__14e6d503,real,train,nan,Celeb-real,85,mean,0.9972307836308199,1
Celeb-real__id13_0014__ef3369c4,real,train,nan,Celeb-real,65,mean,0.7508060882011285,1
Celeb-real__id16_0001__6c969226,real,train,nan,Celeb-real,53,mean,0.9634279843490079,1
Celeb-real__id16_0002__b8fb1d0e,real,train,nan,Celeb-real,61,mean,0.9097958475839897,1
Celeb-real__id16_0004__f6ba18ad,real,train,nan,Celeb-real,69,mean,0.9817159911212714,1
Celeb-real__id16_0006__ab3169fd,real,train,nan,Celeb-real,38,mean,0.9935310828058344,1
Celeb-real__id16_0012__e75472a5,real,train,nan,Celeb-real,52,mean,0.9967503352807119,1
Celeb-real__id16_0013__2d0c3b72,real,train,nan,Celeb-real,52,mean,0.9885832013992163,1
Celeb-real__id17_0000__0521aab4,real,train,nan,Celeb-real,51,mean,0.5552656003365329,1
Celeb-real__id17_0001__a0719102,real,train,nan,Celeb-real,53,mean,0.9716416122216098,1
Celeb-real__id17_0002__d232e7d9,real,train,nan,Celeb-real,56,mean,0.8750187213133488,1
Celeb-real__id17_0004__8604701a,real,train,nan,Celeb-real,51,mean,0.6909717149009892,1
Celeb-real__id17_0005__bae771c0,real,train,nan,Celeb-real,52,mean,0.9099128017775141,1
Celeb-real__id17_0006__abf1d2f4,real,train,nan,Celeb-real,34,mean,0.7824353851816234,1
Celeb-real__id17_0007__edded8c0,real,train,nan,Celeb-real,46,mean,0.885899889404359,1
Celeb-real__id17_0009__3a95f883,real,train,nan,Celeb-real,50,mean,0.6678011125326156,1
Celeb-real__id19_0000__795a8811,real,test,nan,Celeb-real,55,mean,0.9987510973756963,1
Celeb-real__id19_0002__b05d205e,real,test,nan,Celeb-real,54,mean,0.9404846540203801,1
Celeb-real__id19_0003__02a18478,real,test,nan,Celeb-real,57,mean,0.4557438819309729,0
Celeb-real__id19_0007__a1e0f6a6,real,test,nan,Celeb-real,55,mean,0.8457667006687685,1
Celeb-real__id1_0008__b5428fba,real,test,nan,Celeb-real,87,mean,0.7053311647654608,1
Celeb-real__id20_0001__5e2f4954,real,train,nan,Celeb-real,51,mean,0.9939160861221015,1
Celeb-real__id20_0006__98781964,real,train,nan,Celeb-real,55,mean,0.9928024476224726,1
Celeb-real__id20_0009__f207e1ab,real,train,nan,Celeb-real,56,mean,0.7458308567292988,1
Celeb-real__id21_0004__b521a825,real,train,nan,Celeb-real,38,mean,0.9715798277603952,1
Celeb-real__id21_0006__c1f0a997,real,train,nan,Celeb-real,60,mean,0.987431937456131,1
Celeb-real__id21_0009__9d9be594,real,train,nan,Celeb-real,54,mean,0.9857968103002619,1
Celeb-real__id22_0000__8dfd7fca,real,test,nan,Celeb-real,34,mean,0.9982267477933098,1
Celeb-real__id22_0001__87f936ab,real,test,nan,Celeb-real,52,mean,0.9757815897464752,1
Celeb-real__id22_0002__0a374460,real,test,nan,Celeb-real,48,mean,0.9947432788709799,1
Celeb-real__id22_0004__b044e515,real,test,nan,Celeb-real,52,mean,0.7675364050620164,1
Celeb-real__id22_0009__54037f2f,real,test,nan,Celeb-real,56,mean,0.961948724463582,1
Celeb-real__id23_0002__ace021ef,real,test,nan,Celeb-real,54,mean,0.9966513183381822,1
Celeb-real__id23_0003__a72d5360,real,test,nan,Celeb-real,31,mean,0.9728929535035165,1
Celeb-real__id23_0008__8895b8e9,real,test,nan,Celeb-real,52,mean,0.9967953849297303,1
Celeb-real__id24_0001__7b89a9c5,real,test,nan,Celeb-real,53,mean,0.9753637482535165,1
Celeb-real__id24_0003__a477989b,real,test,nan,Celeb-real,54,mean,0.9280913339720832,1
Celeb-real__id24_0004__319940dc,real,test,nan,Celeb-real,54,mean,0.7326018793025503,1
Celeb-real__id25_0009__c9831009,real,train,nan,Celeb-real,53,mean,0.9271149396334054,1
Celeb-real__id26_0002__03f51103,real,train,nan,Celeb-real,54,mean,0.5982358084508667,1
Celeb-real__id26_0004__4d0db3c5,real,train,nan,Celeb-real,59,mean,0.9981971271967484,1
Celeb-real__id26_0007__9c43457d,real,train,nan,Celeb-real,57,mean,0.9985443552335104,1
Celeb-real__id27_0001__85fc2d28,real,train,nan,Celeb-real,48,mean,0.8946656448145708,1
Celeb-real__id27_0004__62c43eac,real,train,nan,Celeb-real,52,mean,0.924821535555216,1
Celeb-real__id27_0005__b30d796c,real,train,nan,Celeb-real,1,mean,0.8484439849853516,1
Celeb-real__id27_0006__a9948cc9,real,train,nan,Celeb-real,50,mean,0.9206953859329223,1
Celeb-real__id27_0008__200b2d83,real,train,nan,Celeb-real,56,mean,0.8971115672694785,1
Celeb-real__id28_0002__b550bd30,real,train,nan,Celeb-real,52,mean,0.9990946616117771,1
Celeb-real__id28_0004__b60ae3e1,real,train,nan,Celeb-real,52,mean,0.576800529128657,1
Celeb-real__id29_0001__3bda14e5,real,val,nan,Celeb-real,52,mean,0.8934688133975635,1
Celeb-real__id29_0004__1dcec6a3,real,val,nan,Celeb-real,61,mean,0.659896405810704,1
Celeb-real__id29_0008__ddbaff8c,real,val,nan,Celeb-real,75,mean,0.9962173136075337,1
Celeb-real__id2_0000__54f346da,real,train,nan,Celeb-real,75,mean,0.9983439691861471,1
Celeb-real__id2_0001__321e47a9,real,train,nan,Celeb-real,63,mean,0.836966618570307,1
Celeb-real__id2_0005__15f721cc,real,train,nan,Celeb-real,52,mean,0.9984178290917323,1
Celeb-real__id2_0006__329cd2a4,real,train,nan,Celeb-real,64,mean,0.7887648480245844,1
Celeb-real__id2_0007__f4507907,real,train,nan,Celeb-real,79,mean,0.9340333447591225,1
Celeb-real__id2_0008__abe8c5ce,real,train,nan,Celeb-real,86,mean,0.6305841084158178,1
Celeb-real__id30_0000__6120ebff,real,train,nan,Celeb-real,84,mean,0.9865661675021762,1
Celeb-real__id30_0003__b0860b45,real,train,nan,Celeb-real,79,mean,0.9611927999442891,1
Celeb-real__id30_0004__2b700a4e,real,train,nan,Celeb-real,68,mean,0.6460913403288406,1
Celeb-real__id30_0005__d961a547,real,train,nan,Celeb-real,75,mean,0.99612846215566,1
Celeb-real__id30_0007__e61c37fd,real,train,nan,Celeb-real,76,mean,0.9981440133170077,1
Celeb-real__id30_0008__3e5c34d3,real,train,nan,Celeb-real,83,mean,0.9955605914793819,1
Celeb-real__id31_0000__9d06c28e,real,val,nan,Celeb-real,71,mean,0.7377035275206599,1
Celeb-real__id31_0001__152f0b5f,real,val,nan,Celeb-real,62,mean,0.9022982794070437,1
Celeb-real__id31_0002__3d64dd16,real,val,nan,Celeb-real,81,mean,0.9665106582788774,1
Celeb-real__id31_0004__fd89952f,real,val,nan,Celeb-real,78,mean,0.9005611508320539,1
Celeb-real__id31_0005__70909ac5,real,val,nan,Celeb-real,59,mean,0.6975544537654368,1
Celeb-real__id31_0007__af681d95,real,val,nan,Celeb-real,76,mean,0.9777180528954456,1
Celeb-real__id31_0009__69e62bbe,real,val,nan,Celeb-real,80,mean,0.4582166779087856,0
Celeb-real__id32_0000__db87de7a,real,train,nan,Celeb-real,86,mean,0.9756439716316933,1
Celeb-real__id32_0002__3a231191,real,train,nan,Celeb-real,83,mean,0.9734532553029348,1
Celeb-real__id32_0004__d8bdaf4c,real,train,nan,Celeb-real,72,mean,0.9856401044461462,1
Celeb-real__id32_0005__021bfb27,real,train,nan,Celeb-real,72,mean,0.937780204280797,1
Celeb-real__id32_0006__7ae0b544,real,train,nan,Celeb-real,78,mean,0.9743709632983575,1
Celeb-real__id33_0000__e5fe8932,real,train,nan,Celeb-real,74,mean,0.9117899911629187,1
Celeb-real__id33_0003__933ba904,real,train,nan,Celeb-real,82,mean,0.7690749449553196,1
Celeb-real__id33_0004__3f0b0eb2,real,train,nan,Celeb-real,70,mean,0.9320267723074981,1
Celeb-real__id34_0003__183925b6,real,train,nan,Celeb-real,66,mean,0.9379903172904794,1
Celeb-real__id34_0004__7db04b4e,real,train,nan,Celeb-real,79,mean,0.9937719468828998,1
Celeb-real__id34_0009__cd230554,real,train,nan,Celeb-real,81,mean,0.7366872124925807,1
Celeb-real__id35_0002__fd247f10,real,train,nan,Celeb-real,64,mean,0.9651448384393007,1
Celeb-real__id35_0003__0f298638,real,train,nan,Celeb-real,76,mean,0.624871792957971,1
Celeb-real__id35_0004__7feab975,real,train,nan,Celeb-real,43,mean,0.9190758515235989,1
Celeb-real__id36_0002__4ee65740,real,train,nan,Celeb-real,76,mean,0.8008745171031669,1
Celeb-real__id37_0000__a1988105,real,train,nan,Celeb-real,84,mean,0.9699564767735345,1
Celeb-real__id37_0003__a8a97d1d,real,train,nan,Celeb-real,59,mean,0.9039481342849085,1
Celeb-real__id37_0004__0ec64f6f,real,train,nan,Celeb-real,62,mean,0.7635925495396217,1
Celeb-real__id37_0008__7244b78f,real,train,nan,Celeb-real,81,mean,0.9035032435699746,1
Celeb-real__id38_0001__1d13fa2e,real,train,nan,Celeb-real,44,mean,0.9771500053730878,1
Celeb-real__id38_0004__56b58de3,real,train,nan,Celeb-real,77,mean,0.8831714229150252,1
Celeb-real__id38_0006__cb3dde26,real,train,nan,Celeb-real,78,mean,0.9868404605449774,1
Celeb-real__id38_0007__aa2d5b38,real,train,nan,Celeb-real,76,mean,0.9517120884633378,1
Celeb-real__id38_0009__995f2d62,real,train,nan,Celeb-real,98,mean,0.7122254071529118,1
Celeb-real__id39_0002__8d39e660,real,train,nan,Celeb-real,52,mean,0.5573195770848542,1
Celeb-real__id39_0004__33c35a06,real,train,nan,Celeb-real,47,mean,0.8609455785060183,1
Celeb-real__id39_0007__d3f57761,real,train,nan,Celeb-real,56,mean,0.7142530641119395,1
Celeb-real__id3_0001__9ceb5ffd,real,train,nan,Celeb-real,64,mean,0.6928818947635591,1
Celeb-real__id3_0002__761ecc87,real,train,nan,Celeb-real,72,mean,0.9977925659881698,1
Celeb-real__id3_0005__7f0fa90a,real,train,nan,Celeb-real,67,mean,0.9946812329007618,1
Celeb-real__id40_0006__32ec46ab,real,train,nan,Celeb-real,53,mean,0.5321633517390715,1
Celeb-real__id40_0009__468be181,real,train,nan,Celeb-real,53,mean,0.48026579716857876,0
Celeb-real__id41_0003__9cf548e2,real,test,nan,Celeb-real,56,mean,0.6911722906765395,1
Celeb-real__id41_0006__b2c84306,real,test,nan,Celeb-real,54,mean,0.9179771299715396,1
Celeb-real__id41_0007__0653214a,real,test,nan,Celeb-real,56,mean,0.6873991628194095,1
Celeb-real__id41_0009__7853942d,real,test,nan,Celeb-real,53,mean,0.943052996160849,1
Celeb-real__id42_0000__6168cba3,real,train,nan,Celeb-real,58,mean,0.2677097214819414,0
Celeb-real__id42_0002__14b1cf34,real,train,nan,Celeb-real,53,mean,0.8881963844990955,1
Celeb-real__id43_0001__fd0241c3,real,val,nan,Celeb-real,57,mean,0.4603860180890351,0
Celeb-real__id43_0005__5d8ad40e,real,val,nan,Celeb-real,56,mean,0.7665841447389019,1
Celeb-real__id43_0006__33432f36,real,val,nan,Celeb-real,54,mean,0.7917207399452174,1
Celeb-real__id43_0007__b72c39d0,real,val,nan,Celeb-real,53,mean,0.6823353312277006,1
Celeb-real__id44_0000__e7d85637,real,test,nan,Celeb-real,51,mean,0.2151564505389508,0
Celeb-real__id44_0004__d999d2a1,real,test,nan,Celeb-real,56,mean,0.8895026532533977,1
Celeb-real__id44_0005__9170560b,real,test,nan,Celeb-real,56,mean,0.801060961692461,1
Celeb-real__id45_0001__9265e652,real,train,nan,Celeb-real,43,mean,0.8138989903206049,1
Celeb-real__id45_0003__7a35f091,real,train,nan,Celeb-real,53,mean,0.44217863189548534,0
Celeb-real__id46_0000__93f42a4a,real,train,nan,Celeb-real,56,mean,0.9085523629827159,1
Celeb-real__id46_0006__27fde28d,real,train,nan,Celeb-real,56,mean,0.9587333338069064,1
Celeb-real__id46_0008__e5716b99,real,train,nan,Celeb-real,52,mean,0.997119814157486,1
Celeb-real__id47_0002__d0fe7065,real,train,nan,Celeb-real,54,mean,0.896642808974893,1
Celeb-real__id47_0004__63eceb5b,real,train,nan,Celeb-real,53,mean,0.8966670618304666,1
Celeb-real__id47_0009__f48e6b0c,real,train,nan,Celeb-real,57,mean,0.6330605926678369,1
Celeb-real__id48_0000__ec9dda45,real,train,nan,Celeb-real,57,mean,0.7842243717689263,1
Celeb-real__id48_0001__5275fefb,real,train,nan,Celeb-real,52,mean,0.5053228759654582,1
Celeb-real__id48_0005__ca92396c,real,train,nan,Celeb-real,56,mean,0.1596224469498598,0
Celeb-real__id48_0007__33f7ab98,real,train,nan,Celeb-real,51,mean,0.1017644342181145,0
Celeb-real__id49_0000__fad2ccc4,real,val,nan,Celeb-real,47,mean,0.5370969257040068,1
Celeb-real__id49_0007__fb27a934,real,val,nan,Celeb-real,64,mean,0.9777044646907598,1
Celeb-real__id49_0008__b1de1618,real,val,nan,Celeb-real,52,mean,0.4795248386844133,0
Celeb-real__id4_0004__f056bf39,real,train,nan,Celeb-real,74,mean,0.9439761642668698,1
Celeb-real__id50_0002__47f9542c,real,test,nan,Celeb-real,78,mean,0.16823145917927226,0
Celeb-real__id50_0004__81ceaea0,real,test,nan,Celeb-real,79,mean,0.33612237596601435,0
Celeb-real__id50_0005__3870d23c,real,test,nan,Celeb-real,82,mean,0.739607833098711,1
Celeb-real__id51_0005__36e6d89e,real,train,nan,Celeb-real,64,mean,0.7499360651709139,1
Celeb-real__id51_0007__1ca2bba4,real,train,nan,Celeb-real,75,mean,0.6758428899447123,1
Celeb-real__id52_0003__d335faab,real,test,nan,Celeb-real,78,mean,0.9418338074898108,1
Celeb-real__id53_0003__0ef9b575,real,train,nan,Celeb-real,79,mean,0.901807971487317,1
Celeb-real__id53_0004__fef1cbd0,real,train,nan,Celeb-real,80,mean,0.9955043785274029,1
Celeb-real__id53_0009__c8433547,real,train,nan,Celeb-real,76,mean,0.26757738092227984,0
Celeb-real__id54_0001__342a1698,real,test,nan,Celeb-real,97,mean,0.1440219100631927,0
Celeb-real__id54_0002__c9b3819e,real,test,nan,Celeb-real,75,mean,0.17033740298822522,0
Celeb-real__id54_0004__3e0ab6d0,real,test,nan,Celeb-real,83,mean,0.2667514671661319,0
Celeb-real__id55_0000__9e5c7685,real,train,nan,Celeb-real,75,mean,0.6174020288450023,1
Celeb-real__id55_0005__d9a183f5,real,train,nan,Celeb-real,78,mean,0.892193805390539,1
Celeb-real__id56_0003__06f01a30,real,train,nan,Celeb-real,75,mean,0.921795739531517,1
Celeb-real__id56_0006__6cc25ad3,real,train,nan,Celeb-real,45,mean,0.9548039029041926,1
Celeb-real__id57_0005__49d621d2,real,train,nan,Celeb-real,78,mean,0.9978895791065998,1
Celeb-real__id57_0007__4449523b,real,train,nan,Celeb-real,74,mean,0.9937125500795003,1
Celeb-real__id57_0008__373f6113,real,train,nan,Celeb-real,76,mean,0.9940877415631947,1
Celeb-real__id57_0009__d229d131,real,train,nan,Celeb-real,56,mean,0.8417970967878189,1
Celeb-real__id58_0000__36c33935,real,train,nan,Celeb-real,75,mean,0.32606292341835796,0
Celeb-real__id58_0001__42cd9f6d,real,train,nan,Celeb-real,77,mean,0.8398000385080066,1
Celeb-real__id58_0005__438712ba,real,train,nan,Celeb-real,77,mean,0.7702384385969732,1
Celeb-real__id58_0006__b46dcb57,real,train,nan,Celeb-real,77,mean,0.9516790811117594,1
Celeb-real__id58_0009__90542e80,real,train,nan,Celeb-real,75,mean,0.9758012453715007,1
Celeb-real__id59_0002__b5acbbb0,real,train,nan,Celeb-real,84,mean,0.9335493333637714,1
Celeb-real__id59_0004__f661bba5,real,train,nan,Celeb-real,64,mean,0.9926579855382442,1
Celeb-real__id59_0006__6eb31efc,real,train,nan,Celeb-real,78,mean,0.9869816631842883,1
Celeb-real__id59_0008__fca27ab6,real,train,nan,Celeb-real,78,mean,0.9948472716869452,1
Celeb-real__id5_0001__7446e574,real,val,nan,Celeb-real,64,mean,0.9641902707517147,1
Celeb-real__id5_0004__a29baf56,real,val,nan,Celeb-real,80,mean,0.9111070893704891,1
Celeb-real__id5_0008__f6f26281,real,val,nan,Celeb-real,98,mean,0.92529438816163,1
Celeb-real__id60_0001__98a7ca86,real,train,nan,Celeb-real,73,mean,0.8961083569551167,1
Celeb-real__id60_0004__472077b3,real,train,nan,Celeb-real,54,mean,0.9524406500988536,1
Celeb-real__id60_0009__652454a4,real,train,nan,Celeb-real,79,mean,0.9764428417893904,1
Celeb-real__id61_0000__5c3a670b,real,train,nan,Celeb-real,70,mean,0.8397188300532954,1
Celeb-real__id61_0005__3acd5f88,real,train,nan,Celeb-real,97,mean,0.9277366468126012,1
Celeb-real__id6_0001__fa5a90f3,real,train,nan,Celeb-real,54,mean,0.7329051968538098,1
Celeb-real__id6_0003__3513f89b,real,train,nan,Celeb-real,62,mean,0.9732549209748546,1
Celeb-real__id6_0005__fb4ae1c2,real,train,nan,Celeb-real,62,mean,0.49716562122827573,0
Celeb-real__id6_0006__b6efd1d7,real,train,nan,Celeb-real,49,mean,0.9226766940282316,1
Celeb-real__id7_0001__a2b1f25f,real,train,nan,Celeb-real,50,mean,0.9979202890396118,1
Celeb-real__id7_0003__beacd82a,real,train,nan,Celeb-real,93,mean,0.9955425204769257,1
Celeb-real__id7_0006__2eb27407,real,train,nan,Celeb-real,36,mean,0.8652935663445128,1
Celeb-real__id7_0009__c7cc4b85,real,train,nan,Celeb-real,77,mean,0.9960221385026907,1
Celeb-real__id8_0000__bed3475b,real,test,nan,Celeb-real,80,mean,0.37406525450060146,0
Celeb-real__id8_0006__adb013b8,real,test,nan,Celeb-real,86,mean,0.22076232593539064,0
Celeb-real__id8_0007__b443b21d,real,test,nan,Celeb-real,65,mean,0.014863181837762777,0
Celeb-real__id9_0001__a769b7b1,real,train,nan,Celeb-real,73,mean,0.736585844461232,1
Celeb-real__id9_0002__cd66e846,real,train,nan,Celeb-real,61,mean,0.7721925281354638,1
Celeb-real__id9_0004__eb2b28d8,real,train,nan,Celeb-real,61,mean,0.09524073784590745,0
Celeb-real__id9_0006__70777999,real,train,nan,Celeb-real,67,mean,0.7021777898406805,1
Celeb-synthesis__FaceReenact__DaGAN__id10_id11_0006__3712bab8,fake,test,FaceReenact,DaGAN,45,mean,0.983249134487576,1
Celeb-synthesis__FaceReenact__DaGAN__id25_id26_0004__752c9c57,fake,train,FaceReenact,DaGAN,14,mean,0.8805222319705146,1
Celeb-synthesis__FaceReenact__DaGAN__id26_id29_0009__24aed516,fake,train,FaceReenact,DaGAN,35,mean,0.9987077866281782,1
Celeb-synthesis__FaceReenact__DaGAN__id2_id26_0008__7db22133,fake,train,FaceReenact,DaGAN,33,mean,0.5256268480284647,1
Celeb-synthesis__FaceReenact__DaGAN__id30_id33_0004__0fef6d27,fake,train,FaceReenact,DaGAN,70,mean,0.9351777134197099,1
Celeb-synthesis__FaceReenact__DaGAN__id33_id29_0004__7682830d,fake,train,FaceReenact,DaGAN,61,mean,0.5101376703222755,1
Celeb-synthesis__FaceReenact__DaGAN__id35_id2_0002__954f1b34,fake,train,FaceReenact,DaGAN,60,mean,0.20816312426080305,0
Celeb-synthesis__FaceReenact__DaGAN__id35_id31_0003__9d413782,fake,train,FaceReenact,DaGAN,75,mean,0.617890545129776,1
Celeb-synthesis__FaceReenact__DaGAN__id39_id42_0004__a7828426,fake,train,FaceReenact,DaGAN,5,mean,0.9630863070487976,1
Celeb-synthesis__FaceReenact__DaGAN__id39_id46_0000__c4b821a1,fake,train,FaceReenact,DaGAN,49,mean,0.850818578686033,1
Celeb-synthesis__FaceReenact__DaGAN__id45_id42_0003__02096aab,fake,train,FaceReenact,DaGAN,46,mean,0.7018244264890319,1
Celeb-synthesis__FaceReenact__DaGAN__id45_id43_0007__37aa7ea0,fake,train,FaceReenact,DaGAN,52,mean,0.15141418013864985,0
Celeb-synthesis__FaceReenact__DaGAN__id47_id48_0003__317ed9a4,fake,train,FaceReenact,DaGAN,56,mean,0.46454866832521347,0
Celeb-synthesis__FaceReenact__DaGAN__id4_id30_0000__e5f244df,fake,train,FaceReenact,DaGAN,47,mean,0.9820008658348246,1
Celeb-synthesis__FaceReenact__DaGAN__id4_id35_0003__6c161c5c,fake,train,FaceReenact,DaGAN,76,mean,0.9401321669942454,1
Celeb-synthesis__FaceReenact__DaGAN__id52_id49_0006__6d570d42,fake,test,FaceReenact,DaGAN,54,mean,0.9741035931640201,1
Celeb-synthesis__FaceReenact__DaGAN__id54_id52_0005__a1af17ca,fake,test,FaceReenact,DaGAN,14,mean,0.5350086963070291,1
Celeb-synthesis__FaceReenact__DaGAN__id60_id5_0001__0b9da620,fake,train,FaceReenact,DaGAN,64,mean,0.9988082759082317,1
Celeb-synthesis__FaceReenact__DaGAN__id7_id11_0001__94842ed0,fake,train,FaceReenact,DaGAN,73,mean,0.997485435988805,1
Celeb-synthesis__FaceReenact__FSRT__id0_id26_0001__3573a8ce,fake,val,FaceReenact,FSRT,35,mean,0.9598955682345799,1
Celeb-synthesis__FaceReenact__FSRT__id0_id28_0009__d2827330,fake,val,FaceReenact,FSRT,83,mean,0.9189692405333002,1
Celeb-synthesis__FaceReenact__FSRT__id17_id0_0003__75dcb963,fake,train,FaceReenact,FSRT,132,mean,0.8870682700565367,1
Celeb-synthesis__FaceReenact__FSRT__id17_id16_0006__978b075e,fake,train,FaceReenact,FSRT,56,mean,0.9976756200194359,1
Celeb-synthesis__FaceReenact__FSRT__id23_id31_0002__4e62bc1c,fake,test,FaceReenact,FSRT,121,mean,0.9910872805217081,1
Celeb-synthesis__FaceReenact__FSRT__id25_id26_0004__12d93b6b,fake,train,FaceReenact,FSRT,32,mean,0.9818433225154877,1
Celeb-synthesis__FaceReenact__FSRT__id29_id26_0003__632a645f,fake,val,FaceReenact,FSRT,8,mean,0.9938672706484795,1
Celeb-synthesis__FaceReenact__FSRT__id31_id29_0000__54a64076,fake,val,FaceReenact,FSRT,92,mean,0.9960493296384811,1
Celeb-synthesis__FaceReenact__FSRT__id31_id33_0009__4c61856d,fake,val,FaceReenact,FSRT,38,mean,0.9519315879595908,1
Celeb-synthesis__FaceReenact__FSRT__id35_id30_0003__e8262f62,fake,train,FaceReenact,FSRT,46,mean,0.7825279426963433,1
Celeb-synthesis__FaceReenact__FSRT__id37_id32_0004__845efdbf,fake,train,FaceReenact,FSRT,107,mean,0.9497833516553184,1
Celeb-synthesis__FaceReenact__FSRT__id37_id34_0003__b354740c,fake,train,FaceReenact,FSRT,44,mean,0.6825655382973227,1
Celeb-synthesis__FaceReenact__FSRT__id37_id35_0007__a7eb7a78,fake,train,FaceReenact,FSRT,100,mean,0.7848485456034541,1
Celeb-synthesis__FaceReenact__FSRT__id3_id37_0008__fa2d74cb,fake,train,FaceReenact,FSRT,121,mean,0.9986214563866292,1
Celeb-synthesis__FaceReenact__FSRT__id43_id48_0001__84733427,fake,val,FaceReenact,FSRT,69,mean,0.7268460237731537,1
Celeb-synthesis__FaceReenact__FSRT__id50_id56_0007__1fcbdab6,fake,test,FaceReenact,FSRT,55,mean,0.8877861575646834,1
Celeb-synthesis__FaceReenact__FSRT__id54_id56_0002__3a49963f,fake,test,FaceReenact,FSRT,91,mean,0.7605221251046265,1
Celeb-synthesis__FaceReenact__FSRT__id9_id21_0001__c5b28789,fake,train,FaceReenact,FSRT,63,mean,0.9734886889419858,1
Celeb-synthesis__FaceReenact__FSRT__id9_id31_0002__d6aa73f4,fake,train,FaceReenact,FSRT,58,mean,0.8821082161418323,1
Celeb-synthesis__FaceReenact__HyperReenact__id19_id23_0009__210ba216,fake,test,FaceReenact,HyperReenact,21,mean,0.9964963651838756,1
Celeb-synthesis__FaceReenact__HyperReenact__id20_id25_0000__049848e5,fake,train,FaceReenact,HyperReenact,21,mean,0.8526247115362258,1
Celeb-synthesis__FaceReenact__HyperReenact__id20_id25_0002__937fed2b,fake,train,FaceReenact,HyperReenact,21,mean,0.6972337372246242,1
Celeb-synthesis__FaceReenact__HyperReenact__id22_id23_0001__6311249c,fake,test,FaceReenact,HyperReenact,21,mean,0.9948608364377703,1
Celeb-synthesis__FaceReenact__HyperReenact__id22_id25_0003__4a6800d3,fake,test,FaceReenact,HyperReenact,21,mean,0.6359405694972902,1
Celeb-synthesis__FaceReenact__HyperReenact__id23_id30_0003__e075b4e5,fake,test,FaceReenact,HyperReenact,21,mean,0.9973094378198896,1
Celeb-synthesis__FaceReenact__HyperReenact__id28_id29_0000__f1cf9676,fake,train,FaceReenact,HyperReenact,21,mean,0.9933838049570719,1
Celeb-synthesis__FaceReenact__HyperReenact__id28_id31_0008__a9edd872,fake,train,FaceReenact,HyperReenact,21,mean,0.9949689706166586,1
Celeb-synthesis__FaceReenact__HyperReenact__id30_id29_0003__fc360a68,fake,train,FaceReenact,HyperReenact,21,mean,0.9967115464664641,1
Celeb-synthesis__FaceReenact__HyperReenact__id31_id23_0000__219b842f,fake,val,FaceReenact,HyperReenact,21,mean,0.8921535369895753,1
Celeb-synthesis__FaceReenact__HyperReenact__id31_id34_0002__5f102455,fake,val,FaceReenact,HyperReenact,21,mean,0.9865474757694063,1
Celeb-synthesis__FaceReenact__HyperReenact__id32_id31_0008__1678a1bf,fake,train,FaceReenact,HyperReenact,21,mean,0.7831466276021231,1
Celeb-synthesis__FaceReenact__HyperReenact__id32_id37_0005__bb52fb8b,fake,train,FaceReenact,HyperReenact,21,mean,0.9986380594117301,1
Celeb-synthesis__FaceReenact__HyperReenact__id37_id38_0000__58851390,fake,train,FaceReenact,HyperReenact,21,mean,0.993478999251411,1
Celeb-synthesis__FaceReenact__HyperReenact__id45_id41_0005__fe7974d5,fake,train,FaceReenact,HyperReenact,21,mean,0.4780165324253695,0
Celeb-synthesis__FaceReenact__HyperReenact__id4_id2_0004__d1a077c0,fake,train,FaceReenact,HyperReenact,21,mean,0.9925168951352438,1
Celeb-synthesis__FaceReenact__HyperReenact__id50_id53_0004__6aa45385,fake,test,FaceReenact,HyperReenact,21,mean,0.484917468080918,0
Celeb-synthesis__FaceReenact__HyperReenact__id51_id57_0000__65c5f5dd,fake,train,FaceReenact,HyperReenact,21,mean,0.650215187952632,1
Celeb-synthesis__FaceReenact__HyperReenact__id58_id55_0007__3de1c320,fake,train,FaceReenact,HyperReenact,21,mean,0.6934462183465561,1
Celeb-synthesis__FaceReenact__LIA__id16_id1_0000__72abce34,fake,train,FaceReenact,LIA,61,mean,0.9981604101227932,1
Celeb-synthesis__FaceReenact__LIA__id19_id20_0007__f00570e7,fake,test,FaceReenact,LIA,27,mean,0.9983901116583083,1
Celeb-synthesis__FaceReenact__LIA__id19_id23_0004__128b77dc,fake,test,FaceReenact,LIA,9,mean,0.9970678952005174,1
Celeb-synthesis__FaceReenact__LIA__id1_id0_0009__bf3b87a6,fake,test,FaceReenact,LIA,23,mean,0.9093397933503856,1
Celeb-synthesis__FaceReenact__LIA__id1_id17_0006__8fc47d98,fake,test,FaceReenact,LIA,34,mean,0.9417062138809877,1
Celeb-synthesis__FaceReenact__LIA__id21_id19_0009__c57838b7,fake,train,FaceReenact,LIA,43,mean,0.9971773915512617,1
Celeb-synthesis__FaceReenact__LIA__id24_id19_0003__a6b7f02a,fake,test,FaceReenact,LIA,38,mean,0.9839666391673841,1
Celeb-synthesis__FaceReenact__LIA__id26_id25_0008__cc2acd62,fake,train,FaceReenact,LIA,2,mean,0.9939583241939545,1
Celeb-synthesis__FaceReenact__LIA__id33_id23_0008__9b36ffcc,fake,train,FaceReenact,LIA,52,mean,0.9958019084655322,1
Celeb-synthesis__FaceReenact__LIA__id37_id30_0006__1f21bab0,fake,train,FaceReenact,LIA,4,mean,0.7921890765428543,1
Celeb-synthesis__FaceReenact__LIA__id37_id3_0002__1980f13d,fake,train,FaceReenact,LIA,72,mean,0.9827671961651908,1
Celeb-synthesis__FaceReenact__LIA__id45_id42_0004__3cfc49a9,fake,train,FaceReenact,LIA,59,mean,0.7751674836469908,1
Celeb-synthesis__FaceReenact__LIA__id47_id41_0001__675b4aa1,fake,train,FaceReenact,LIA,51,mean,0.3475764226898843,0
Celeb-synthesis__FaceReenact__LIA__id48_id46_0005__6059abc8,fake,train,FaceReenact,LIA,23,mean,0.3543807969469091,0
Celeb-synthesis__FaceReenact__LIA__id4_id20_0002__48cda071,fake,train,FaceReenact,LIA,21,mean,0.985924326238178,1
Celeb-synthesis__FaceReenact__LIA__id53_id54_0000__1524173c,fake,train,FaceReenact,LIA,64,mean,0.9768734932877123,1
Celeb-synthesis__FaceReenact__LIA__id57_id58_0002__84f449e3,fake,train,FaceReenact,LIA,78,mean,0.27067073525335544,0
Celeb-synthesis__FaceReenact__LIA__id61_id59_0002__c790fdd0,fake,train,FaceReenact,LIA,28,mean,0.9954344523804528,1
Celeb-synthesis__FaceReenact__LIA__id9_id4_0000__a11b6c51,fake,train,FaceReenact,LIA,51,mean,0.7896908346344443,1
Celeb-synthesis__FaceReenact__LivePortrait__id10_id13_0008__6efc05f1,fake,test,FaceReenact,LivePortrait,77,mean,0.7204396503118725,1
Celeb-synthesis__FaceReenact__LivePortrait__id17_id1_0000__cd456b21,fake,train,FaceReenact,LivePortrait,61,mean,0.7140592642006327,1
Celeb-synthesis__FaceReenact__LivePortrait__id17_id3_0006__270800bb,fake,train,FaceReenact,LivePortrait,69,mean,0.8098083851130112,1
Celeb-synthesis__FaceReenact__LivePortrait__id19_id21_0007__427ee4ef,fake,test,FaceReenact,LivePortrait,53,mean,0.88962688592245,1
Celeb-synthesis__FaceReenact__LivePortrait__id19_id26_0006__4517e423,fake,test,FaceReenact,LivePortrait,52,mean,0.951495711118556,1
Celeb-synthesis__FaceReenact__LivePortrait__id1_id9_0006__392823df,fake,test,FaceReenact,LivePortrait,67,mean,0.871955916827628,1
Celeb-synthesis__FaceReenact__LivePortrait__id20_id24_0005__01977817,fake,train,FaceReenact,LivePortrait,57,mean,0.9888894620694613,1
Celeb-synthesis__FaceReenact__LivePortrait__id20_id29_0000__4d58636d,fake,train,FaceReenact,LivePortrait,72,mean,0.9879459415872892,1
Celeb-synthesis__FaceReenact__LivePortrait__id28_id32_0002__3c4dde03,fake,train,FaceReenact,LivePortrait,83,mean,0.9986465034714664,1
Celeb-synthesis__FaceReenact__LivePortrait__id32_id23_0002__2f2d89a9,fake,train,FaceReenact,LivePortrait,54,mean,0.9922570332332894,1
Celeb-synthesis__FaceReenact__LivePortrait__id32_id30_0003__e4e378ea,fake,train,FaceReenact,LivePortrait,79,mean,0.9929550901243959,1
Celeb-synthesis__FaceReenact__LivePortrait__id35_id9_0007__2b002193,fake,train,FaceReenact,LivePortrait,76,mean,0.949444217509345,1
Celeb-synthesis__FaceReenact__LivePortrait__id37_id17_0007__38f66beb,fake,train,FaceReenact,LivePortrait,46,mean,0.32503403160397126,0
Celeb-synthesis__FaceReenact__LivePortrait__id38_id26_0007__5d32e7a3,fake,train,FaceReenact,LivePortrait,57,mean,0.676990395575239,1
Celeb-synthesis__FaceReenact__LivePortrait__id40_id43_0005__289e22a3,fake,train,FaceReenact,LivePortrait,56,mean,0.5785140761124369,1
Celeb-synthesis__FaceReenact__LivePortrait__id46_id39_0005__080a8282,fake,train,FaceReenact,LivePortrait,45,mean,0.07393091211302413,0
Celeb-synthesis__FaceReenact__LivePortrait__id47_id41_0002__b7a4d96a,fake,train,FaceReenact,LivePortrait,56,mean,0.9895965169583049,1
Celeb-synthesis__FaceReenact__LivePortrait__id47_id45_0002__e3063282,fake,train,FaceReenact,LivePortrait,48,mean,0.7829935332993045,1
Celeb-synthesis__FaceReenact__LivePortrait__id50_id54_0006__cbc29304,fake,test,FaceReenact,LivePortrait,74,mean,0.9488098754270656,1
Celeb-synthesis__FaceReenact__MCNET__id16_id6_0009__448519b4,fake,train,FaceReenact,MCNET,89,mean,0.7656055595725775,1
Celeb-synthesis__FaceReenact__MCNET__id1_id26_0009__f4350343,fake,test,FaceReenact,MCNET,43,mean,0.7941128181856733,1
Celeb-synthesis__FaceReenact__MCNET__id1_id31_0002__a642fb11,fake,test,FaceReenact,MCNET,39,mean,0.9764614685987815,1
Celeb-synthesis__FaceReenact__MCNET__id23_id35_0006__7782fba1,fake,test,FaceReenact,MCNET,38,mean,0.6188582801505139,1
Celeb-synthesis__FaceReenact__MCNET__id26_id37_0001__73dbc31f,fake,train,FaceReenact,MCNET,23,mean,0.9779898472454237,1
Celeb-synthesis__FaceReenact__MCNET__id27_id28_0006__b576b163,fake,train,FaceReenact,MCNET,54,mean,0.8294396032061842,1
Celeb-synthesis__FaceReenact__MCNET__id28_id23_0006__111e9069,fake,train,FaceReenact,MCNET,53,mean,0.03754694740077094,0
Celeb-synthesis__FaceReenact__MCNET__id2_id17_0004__349174ae,fake,train,FaceReenact,MCNET,4,mean,0.5890762433409691,1
Celeb-synthesis__FaceReenact__MCNET__id33_id31_0006__d3b368c7,fake,train,FaceReenact,MCNET,61,mean,0.993709318950528,1
Celeb-synthesis__FaceReenact__MCNET__id35_id32_0006__a525f209,fake,train,FaceReenact,MCNET,2,mean,0.9989448189735413,1
Celeb-synthesis__FaceReenact__MCNET__id41_id47_0001__446dc896,fake,test,FaceReenact,MCNET,53,mean,0.6097099875925847,1
Celeb-synthesis__FaceReenact__MCNET__id45_id46_0007__64615aec,fake,train,FaceReenact,MCNET,30,mean,0.20018280614167452,0
Celeb-synthesis__FaceReenact__MCNET__id45_id47_0003__558ccc79,fake,train,FaceReenact,MCNET,48,mean,0.47285610320977867,0
Celeb-synthesis__FaceReenact__MCNET__id4_id35_0004__7ea18215,fake,train,FaceReenact,MCNET,42,mean,0.9622764104888553,1
Celeb-synthesis__FaceReenact__MCNET__id54_id52_0003__6e6f12a1,fake,test,FaceReenact,MCNET,78,mean,0.9322392833538544,1
Celeb-synthesis__FaceReenact__MCNET__id54_id53_0001__49ea4084,fake,test,FaceReenact,MCNET,55,mean,0.15774891249496828,0
Celeb-synthesis__FaceReenact__MCNET__id56_id58_0001__10f6feba,fake,train,FaceReenact,MCNET,77,mean,0.9989298450482356,1
Celeb-synthesis__FaceReenact__TPSMM__id13_id7_0001__ebd49e18,fake,train,FaceReenact,TPSMM,49,mean,0.9694871768659475,1
Celeb-synthesis__FaceReenact__TPSMM__id16_id2_0009__58d0cabe,fake,train,FaceReenact,TPSMM,29,mean,0.9952016205623232,1
Celeb-synthesis__FaceReenact__TPSMM__id1_id3_0003__f80b2cc7,fake,test,FaceReenact,TPSMM,62,mean,0.9984733856493427,1
Celeb-synthesis__FaceReenact__TPSMM__id21_id4_0005__de7b74d0,fake,train,FaceReenact,TPSMM,78,mean,0.6710648910166361,1
Celeb-synthesis__FaceReenact__TPSMM__id23_id19_0000__5ddcc575,fake,test,FaceReenact,TPSMM,55,mean,0.7256050155921416,1
Celeb-synthesis__FaceReenact__TPSMM__id28_id32_0002__880ef5c7,fake,train,FaceReenact,TPSMM,60,mean,0.9971339096625645,1
Celeb-synthesis__FaceReenact__TPSMM__id28_id9_0000__94ef95bd,fake,train,FaceReenact,TPSMM,75,mean,0.9058829734722773,1
Celeb-synthesis__FaceReenact__TPSMM__id2_id4_0009__ce5e7cbc,fake,train,FaceReenact,TPSMM,81,mean,0.9932711705749417,1
Celeb-synthesis__FaceReenact__TPSMM__id33_id21_0005__cb3ccadf,fake,train,FaceReenact,TPSMM,28,mean,0.3137299129739404,0
Celeb-synthesis__FaceReenact__TPSMM__id34_id37_0003__351fba12,fake,train,FaceReenact,TPSMM,21,mean,0.956976504552932,1
Celeb-synthesis__FaceReenact__TPSMM__id37_id2_0006__88d6aa87,fake,train,FaceReenact,TPSMM,44,mean,0.6965661531483586,1
Celeb-synthesis__FaceReenact__TPSMM__id44_id48_0001__04ab7d66,fake,test,FaceReenact,TPSMM,52,mean,0.43875928323429364,0
Celeb-synthesis__FaceReenact__TPSMM__id48_id45_0003__03629a1f,fake,train,FaceReenact,TPSMM,52,mean,0.9961232737852976,1
Celeb-synthesis__FaceReenact__TPSMM__id50_id57_0001__7ad6b6a4,fake,test,FaceReenact,TPSMM,76,mean,0.9197497489420992,1
Celeb-synthesis__FaceReenact__TPSMM__id52_id54_0002__c83d81f2,fake,test,FaceReenact,TPSMM,51,mean,0.8863904990401923,1
Celeb-synthesis__FaceReenact__TPSMM__id55_id50_0003__fa2057e7,fake,train,FaceReenact,TPSMM,78,mean,0.5686079116347127,1
Celeb-synthesis__FaceReenact__TPSMM__id6_id16_0008__e3fd3bd2,fake,train,FaceReenact,TPSMM,56,mean,0.970211501632418,1
Celeb-synthesis__FaceSwap__BlendFace__id21_id33_0007__531793ba,fake,train,FaceSwap,BlendFace,53,mean,0.9970064736762136,1
Celeb-synthesis__FaceSwap__BlendFace__id21_id38_0006__06b34f34,fake,train,FaceSwap,BlendFace,60,mean,0.9935457815726598,1
Celeb-synthesis__FaceSwap__BlendFace__id24_id19_0000__d3b9420c,fake,test,FaceSwap,BlendFace,49,mean,0.9553656413847086,1
Celeb-synthesis__FaceSwap__BlendFace__id27_id26_0008__d82021e1,fake,train,FaceSwap,BlendFace,56,mean,0.49140487398420063,0
Celeb-synthesis__FaceSwap__BlendFace__id27_id28_0009__3b5ef7e1,fake,train,FaceSwap,BlendFace,52,mean,0.8639038291115028,1
Celeb-synthesis__FaceSwap__BlendFace__id28_id32_0002__520212f0,fake,train,FaceSwap,BlendFace,52,mean,0.9992823325670682,1
Celeb-synthesis__FaceSwap__BlendFace__id30_id20_0008__a536219c,fake,train,FaceSwap,BlendFace,83,mean,0.9960111221635198,1
Celeb-synthesis__FaceSwap__BlendFace__id31_id38_0000__f389894a,fake,val,FaceSwap,BlendFace,71,mean,0.5642475707810635,1
Celeb-synthesis__FaceSwap__BlendFace__id34_id29_0005__63148c5f,fake,train,FaceSwap,BlendFace,80,mean,0.9920902408659458,1
Celeb-synthesis__FaceSwap__BlendFace__id49_id51_0003__56b466c2,fake,val,FaceSwap,BlendFace,66,mean,0.9986296232902643,1
Celeb-synthesis__FaceSwap__BlendFace__id50_id52_0003__cc0baeb0,fake,test,FaceSwap,BlendFace,78,mean,0.9729585116490339,1
Celeb-synthesis__FaceSwap__BlendFace__id51_id58_0008__bd39a11f,fake,train,FaceSwap,BlendFace,76,mean,0.30791151081211865,0
Celeb-synthesis__FaceSwap__BlendFace__id57_id51_0006__7d2990d8,fake,train,FaceSwap,BlendFace,76,mean,0.9907690788570204,1
Celeb-synthesis__FaceSwap__BlendFace__id6_id0_0001__2e0b6a38,fake,train,FaceSwap,BlendFace,54,mean,0.17190688836422782,0
Celeb-synthesis__FaceSwap__BlendFace__id8_id3_0008__d6eac4ea,fake,test,FaceSwap,BlendFace,95,mean,0.9913656215918691,1
Celeb-synthesis__FaceSwap__BlendFace__id9_id20_0002__cfe50f89,fake,train,FaceSwap,BlendFace,61,mean,0.9050433684567936,1
Celeb-synthesis__FaceSwap__BlendFace__id9_id4_0000__f0dac336,fake,train,FaceSwap,BlendFace,75,mean,0.8341503159205119,1
Celeb-synthesis__FaceSwap__Celeb-DF-v2__id16_id35_0000__308bc925,fake,train,FaceSwap,Celeb-DF-v2,53,mean,0.9394031590167081,1
Celeb-synthesis__FaceSwap__Celeb-DF-v2__id20_id28_0003__6ecc355b,fake,train,FaceSwap,Celeb-DF-v2,57,mean,0.9978320546317518,1
Celeb-synthesis__FaceSwap__Celeb-DF-v2__id20_id3_0009__83719a18,fake,train,FaceSwap,Celeb-DF-v2,56,mean,0.9884134775825909,1
Celeb-synthesis__FaceSwap__Celeb-DF-v2__id23_id27_0000__4a141e3e,fake,test,FaceSwap,Celeb-DF-v2,53,mean,0.5601040780333415,1
Celeb-synthesis__FaceSwap__Celeb-DF-v2__id2_id30_0000__8318ba5b,fake,train,FaceSwap,Celeb-DF-v2,75,mean,0.992842173576355,1
Celeb-synthesis__FaceSwap__Celeb-DF-v2__id31_id6_0003__440a29c3,fake,val,FaceSwap,Celeb-DF-v2,78,mean,0.5679696035595276,1
Celeb-synthesis__FaceSwap__Celeb-DF-v2__id32_id21_0007__b22c1049,fake,train,FaceSwap,Celeb-DF-v2,77,mean,0.8908814637885465,1
Celeb-synthesis__FaceSwap__Celeb-DF-v2__id32_id37_0009__0f8c2c05,fake,train,FaceSwap,Celeb-DF-v2,80,mean,0.6743489451531787,1
Celeb-synthesis__FaceSwap__Celeb-DF-v2__id34_id38_0002__4abfc322,fake,train,FaceSwap,Celeb-DF-v2,54,mean,0.9886239502165053,1
Celeb-synthesis__FaceSwap__Celeb-DF-v2__id37_id29_0005__03f28283,fake,train,FaceSwap,Celeb-DF-v2,77,mean,0.5967992958794166,1
Celeb-synthesis__FaceSwap__Celeb-DF-v2__id38_id20_0000__c9eea163,fake,train,FaceSwap,Celeb-DF-v2,78,mean,0.9973934904122964,1
Celeb-synthesis__FaceSwap__Celeb-DF-v2__id47_id39_0002__fb5f438d,fake,train,FaceSwap,Celeb-DF-v2,54,mean,0.867363073380181,1
Celeb-synthesis__FaceSwap__Celeb-DF-v2__id4_id2_0004__fa16c28c,fake,train,FaceSwap,Celeb-DF-v2,74,mean,0.9864505150833646,1
Celeb-synthesis__FaceSwap__Celeb-DF-v2__id50_id56_0000__d849d5e0,fake,test,FaceSwap,Celeb-DF-v2,48,mean,0.8616180790898701,1
Celeb-synthesis__FaceSwap__Celeb-DF-v2__id57_id54_0007__e46c63cc,fake,train,FaceSwap,Celeb-DF-v2,74,mean,0.9856174753324406,1
Celeb-synthesis__FaceSwap__Celeb-DF-v2__id6_id1_0009__996167d1,fake,train,FaceSwap,Celeb-DF-v2,89,mean,0.7740942303384288,1
Celeb-synthesis__FaceSwap__Celeb-DF-v2__id9_id37_0006__2294cd73,fake,train,FaceSwap,Celeb-DF-v2,67,mean,0.9198773322043134,1
Celeb-synthesis__FaceSwap__GHOST__id11_id7_0003__926b1646,fake,train,FaceSwap,GHOST,53,mean,0.8917326922967749,1
Celeb-synthesis__FaceSwap__GHOST__id17_id28_0001__97bd566d,fake,train,FaceSwap,GHOST,53,mean,0.9681478260823015,1
Celeb-synthesis__FaceSwap__GHOST__id21_id16_0000__334dbd73,fake,train,FaceSwap,GHOST,39,mean,0.9602188338071872,1
Celeb-synthesis__FaceSwap__GHOST__id21_id19_0007__eb61d230,fake,train,FaceSwap,GHOST,53,mean,0.9046985984973188,1
Celeb-synthesis__FaceSwap__GHOST__id23_id19_0009__b3b6e276,fake,test,FaceSwap,GHOST,53,mean,0.9987742720909838,1
Celeb-synthesis__FaceSwap__GHOST__id24_id23_0009__2bd974c6,fake,test,FaceSwap,GHOST,52,mean,0.9848527896862763,1
Celeb-synthesis__FaceSwap__GHOST__id28_id0_0007__c7d5a80b,fake,train,FaceSwap,GHOST,51,mean,0.9368158438626457,1
Celeb-synthesis__FaceSwap__GHOST__id30_id16_0009__e4233413,fake,train,FaceSwap,GHOST,80,mean,0.5954631523694843,1
Celeb-synthesis__FaceSwap__GHOST__id35_id17_0009__2217b5cf,fake,train,FaceSwap,GHOST,54,mean,0.7763489713823354,1
Celeb-synthesis__FaceSwap__GHOST__id35_id20_0000__bbc66652,fake,train,FaceSwap,GHOST,82,mean,0.9978633871892604,1
Celeb-synthesis__FaceSwap__GHOST__id3_id37_0004__b55bff33,fake,train,FaceSwap,GHOST,84,mean,0.9161434774952275,1
Celeb-synthesis__FaceSwap__GHOST__id40_id47_0006__bc2fd83b,fake,train,FaceSwap,GHOST,53,mean,0.9736443634303111,1
Celeb-synthesis__FaceSwap__GHOST__id45_id41_0000__51ee4227,fake,train,FaceSwap,GHOST,52,mean,0.7065926877996669,1
Celeb-synthesis__FaceSwap__GHOST__id4_id30_0005__1f287fb8,fake,train,FaceSwap,GHOST,78,mean,0.94068220945505,1
Celeb-synthesis__FaceSwap__GHOST__id51_id54_0005__3fccc74c,fake,train,FaceSwap,GHOST,64,mean,0.8978258483111858,1
Celeb-synthesis__FaceSwap__GHOST__id53_id56_0002__2a6903c3,fake,train,FaceSwap,GHOST,51,mean,0.956298745730344,1
Celeb-synthesis__FaceSwap__GHOST__id53_id58_0006__968b47d6,fake,train,FaceSwap,GHOST,81,mean,0.11280438560348602,0
Celeb-synthesis__FaceSwap__HifiFace__id16_id35_0005__6c2073b4,fake,train,FaceSwap,HifiFace,58,mean,0.7935885013691311,1
Celeb-synthesis__FaceSwap__HifiFace__id17_id1_0001__eed12866,fake,train,FaceSwap,HifiFace,53,mean,0.8493338036087325,1
Celeb-synthesis__FaceSwap__HifiFace__id17_id9_0001__2123dfe5,fake,train,FaceSwap,HifiFace,53,mean,0.7023965132967481,1
Celeb-synthesis__FaceSwap__HifiFace__id1_id23_0006__682444db,fake,test,FaceSwap,HifiFace,85,mean,0.9971135104403777,1
Celeb-synthesis__FaceSwap__HifiFace__id24_id19_0005__76414daf,fake,test,FaceSwap,HifiFace,57,mean,0.9987581225863674,1
Celeb-synthesis__FaceSwap__HifiFace__id26_id2_0005__34fde766,fake,train,FaceSwap,HifiFace,56,mean,0.9853785155074937,1
Celeb-synthesis__FaceSwap__HifiFace__id26_id30_0006__88e734e4,fake,train,FaceSwap,HifiFace,52,mean,0.9988356026319357,1
Celeb-synthesis__FaceSwap__HifiFace__id28_id29_0003__baa15d76,fake,train,FaceSwap,HifiFace,56,mean,0.924133910198829,1
Celeb-synthesis__FaceSwap__HifiFace__id30_id31_0000__bc3ec380,fake,train,FaceSwap,HifiFace,84,mean,0.8836068628976742,1
Celeb-synthesis__FaceSwap__HifiFace__id32_id26_0000__6f0c09ae,fake,train,FaceSwap,HifiFace,86,mean,0.9680864889781142,1
Celeb-synthesis__FaceSwap__HifiFace__id34_id30_0002__9077bfe5,fake,train,FaceSwap,HifiFace,54,mean,0.8516737095735691,1
Celeb-synthesis__FaceSwap__HifiFace__id35_id2_0002__dd41fc56,fake,train,FaceSwap,HifiFace,64,mean,0.9280906768981367,1
Celeb-synthesis__FaceSwap__HifiFace__id37_id6_0003__6494f22f,fake,train,FaceSwap,HifiFace,59,mean,0.9742560477580055,1
Celeb-synthesis__FaceSwap__HifiFace__id3_id1_0006__82952ecc,fake,train,FaceSwap,HifiFace,69,mean,0.9346759701822547,1
Celeb-synthesis__FaceSwap__HifiFace__id52_id53_0008__8619ea75,fake,test,FaceSwap,HifiFace,92,mean,0.982869495516238,1
Celeb-synthesis__FaceSwap__HifiFace__id53_id49_0002__7eeba221,fake,train,FaceSwap,HifiFace,51,mean,0.9695760964178571,1
Celeb-synthesis__FaceSwap__HifiFace__id53_id58_0004__61dde1e5,fake,train,FaceSwap,HifiFace,80,mean,0.8784902479732409,1
Celeb-synthesis__FaceSwap__InSwapper__id0_id28_0001__875f15cb,fake,val,FaceSwap,InSwapper,51,mean,0.23547560243191673,0
Celeb-synthesis__FaceSwap__InSwapper__id0_id3_0001__007dbeac,fake,val,FaceSwap,InSwapper,51,mean,0.18148799160239742,0
Celeb-synthesis__FaceSwap__InSwapper__id1_id31_0006__3fbaaa15,fake,test,FaceSwap,InSwapper,85,mean,0.990800886294421,1
Celeb-synthesis__FaceSwap__InSwapper__id20_id3_0007__f52096d0,fake,train,FaceSwap,InSwapper,58,mean,0.999150510491996,1
Celeb-synthesis__FaceSwap__InSwapper__id23_id26_0009__107f923a,fake,test,FaceSwap,InSwapper,53,mean,0.989208531829546,1
Celeb-synthesis__FaceSwap__InSwapper__id26_id30_0001__5d20ab46,fake,train,FaceSwap,InSwapper,54,mean,0.9578726711096587,1
Celeb-synthesis__FaceSwap__InSwapper__id27_id24_0002__b6d36b2e,fake,train,FaceSwap,InSwapper,57,mean,0.9755499875336363,1
Celeb-synthesis__FaceSwap__InSwapper__id28_id6_0001__c09bd86d,fake,train,FaceSwap,InSwapper,56,mean,0.9316896902663367,1
Celeb-synthesis__FaceSwap__InSwapper__id29_id35_0005__15e7127b,fake,val,FaceSwap,InSwapper,78,mean,0.2948595989399996,0
Celeb-synthesis__FaceSwap__InSwapper__id35_id32_0001__6b44d973,fake,train,FaceSwap,InSwapper,85,mean,0.9671062495778588,1
Celeb-synthesis__FaceSwap__InSwapper__id35_id38_0005__1ebdd57c,fake,train,FaceSwap,InSwapper,50,mean,0.41821869757026436,0
Celeb-synthesis__FaceSwap__InSwapper__id37_id6_0005__42ed641e,fake,train,FaceSwap,InSwapper,77,mean,0.21675715435828483,0
Celeb-synthesis__FaceSwap__InSwapper__id39_id47_0000__a2ac0df0,fake,train,FaceSwap,InSwapper,54,mean,0.35629930160939693,0
Celeb-synthesis__FaceSwap__InSwapper__id39_id48_0006__1214def3,fake,train,FaceSwap,InSwapper,56,mean,0.42183793688725146,0
Celeb-synthesis__FaceSwap__InSwapper__id46_id43_0008__568b5447,fake,train,FaceSwap,InSwapper,52,mean,0.9424522814269249,1
Celeb-synthesis__FaceSwap__InSwapper__id54_id52_0005__a2df8529,fake,test,FaceSwap,InSwapper,45,mean,0.04598571906487147,0
Celeb-synthesis__FaceSwap__InSwapper__id59_id60_0007__5f9d3568,fake,train,FaceSwap,InSwapper,56,mean,0.8661216050386429,1
Celeb-synthesis__FaceSwap__MobileFaceSwap__id17_id6_0009__a504b70f,fake,train,FaceSwap,MobileFaceSwap,50,mean,0.9873270106315613,1
Celeb-synthesis__FaceSwap__MobileFaceSwap__id1_id37_0003__39ac8828,fake,test,FaceSwap,MobileFaceSwap,76,mean,0.9967282555605236,1
Celeb-synthesis__FaceSwap__MobileFaceSwap__id1_id4_0007__3ef84e70,fake,test,FaceSwap,MobileFaceSwap,55,mean,0.9978509632023898,1
Celeb-synthesis__FaceSwap__MobileFaceSwap__id21_id1_0005__4efe912a,fake,train,FaceSwap,MobileFaceSwap,28,mean,0.5109082660637796,1
Celeb-synthesis__FaceSwap__MobileFaceSwap__id30_id23_0003__256fee80,fake,train,FaceSwap,MobileFaceSwap,79,mean,0.9679166071022614,1
Celeb-synthesis__FaceSwap__MobileFaceSwap__id30_id33_0007__116b4b9d,fake,train,FaceSwap,MobileFaceSwap,76,mean,0.987827383373913,1
Celeb-synthesis__FaceSwap__MobileFaceSwap__id31_id2_0002__deeb407b,fake,val,FaceSwap,MobileFaceSwap,81,mean,0.9781943287378476,1
Celeb-synthesis__FaceSwap__MobileFaceSwap__id37_id26_0003__4f3472b6,fake,train,FaceSwap,MobileFaceSwap,59,mean,0.8707381140882686,1
Celeb-synthesis__FaceSwap__MobileFaceSwap__id3_id17_0009__ba920314,fake,train,FaceSwap,MobileFaceSwap,83,mean,0.9936191446809883,1
Celeb-synthesis__FaceSwap__MobileFaceSwap__id3_id37_0008__1c8dc7e6,fake,train,FaceSwap,MobileFaceSwap,77,mean,0.996973640732951,1
Celeb-synthesis__FaceSwap__MobileFaceSwap__id44_id42_0001__856b58b8,fake,test,FaceSwap,MobileFaceSwap,53,mean,0.8428182248904739,1
Celeb-synthesis__FaceSwap__MobileFaceSwap__id46_id45_0005__7295e6c2,fake,train,FaceSwap,MobileFaceSwap,57,mean,0.911716171393269,1
Celeb-synthesis__FaceSwap__MobileFaceSwap__id48_id40_0003__477abc56,fake,train,FaceSwap,MobileFaceSwap,56,mean,0.4757411656527048,0
Celeb-synthesis__FaceSwap__MobileFaceSwap__id4_id2_0004__e17a1f61,fake,train,FaceSwap,MobileFaceSwap,74,mean,0.9853613529656384,1
Celeb-synthesis__FaceSwap__MobileFaceSwap__id6_id16_0003__2372cb7c,fake,train,FaceSwap,MobileFaceSwap,62,mean,0.9904536037675796,1
Celeb-synthesis__FaceSwap__MobileFaceSwap__id9_id21_0006__7d5ddb09,fake,train,FaceSwap,MobileFaceSwap,67,mean,0.9545461824580804,1
Celeb-synthesis__FaceSwap__SimSwap__id16_id3_0000__3477c358,fake,train,FaceSwap,SimSwap,53,mean,0.9983001958649114,1
Celeb-synthesis__FaceSwap__SimSwap__id21_id20_0001__7af019bb,fake,train,FaceSwap,SimSwap,44,mean,0.7838354706764221,1
Celeb-synthesis__FaceSwap__SimSwap__id21_id33_0008__2d84b53d,fake,train,FaceSwap,SimSwap,54,mean,0.7839501851962672,1
Celeb-synthesis__FaceSwap__SimSwap__id21_id38_0005__910985a5,fake,train,FaceSwap,SimSwap,28,mean,0.41311199311167,0
Celeb-synthesis__FaceSwap__SimSwap__id23_id0_0003__edbd5e74,fake,test,FaceSwap,SimSwap,31,mean,0.9320676499797452,1
Celeb-synthesis__FaceSwap__SimSwap__id23_id31_0002__78b72662,fake,test,FaceSwap,SimSwap,54,mean,0.9954856004979875,1
Celeb-synthesis__FaceSwap__SimSwap__id26_id30_0004__7c477cff,fake,train,FaceSwap,SimSwap,59,mean,0.7625765599689242,1
Celeb-synthesis__FaceSwap__SimSwap__id28_id37_0009__affdc5fe,fake,train,FaceSwap,SimSwap,56,mean,0.9991946220397949,1
Celeb-synthesis__FaceSwap__SimSwap__id31_id2_0001__1cd151f1,fake,val,FaceSwap,SimSwap,62,mean,0.6273621349565445,1
Celeb-synthesis__FaceSwap__SimSwap__id32_id23_0002__a706d2c6,fake,train,FaceSwap,SimSwap,83,mean,0.7837156879614635,1
Celeb-synthesis__FaceSwap__SimSwap__id35_id20_0007__8d35b9ce,fake,train,FaceSwap,SimSwap,67,mean,0.5703844142271511,1
Celeb-synthesis__FaceSwap__SimSwap__id37_id26_0008__aef34d21,fake,train,FaceSwap,SimSwap,81,mean,0.8578561102902448,1
Celeb-synthesis__FaceSwap__SimSwap__id38_id23_0009__5a2e1d04,fake,train,FaceSwap,SimSwap,98,mean,0.9565908361454399,1
Celeb-synthesis__FaceSwap__SimSwap__id38_id37_0003__1245acfa,fake,train,FaceSwap,SimSwap,80,mean,0.9234776401892304,1
Celeb-synthesis__FaceSwap__SimSwap__id3_id20_0003__968a8c93,fake,train,FaceSwap,SimSwap,62,mean,0.9965376411714861,1
Celeb-synthesis__FaceSwap__SimSwap__id60_id59_0001__07021aa9,fake,train,FaceSwap,SimSwap,73,mean,0.9516919369566931,1
Celeb-synthesis__FaceSwap__UniFace__id19_id26_0002__4c8417c3,fake,test,FaceSwap,UniFace,54,mean,0.9889605553061874,1
Celeb-synthesis__FaceSwap__UniFace__id1_id6_0000__86d0e867,fake,test,FaceSwap,UniFace,61,mean,0.998985294435845,1
Celeb-synthesis__FaceSwap__UniFace__id20_id22_0006__a95b66d4,fake,train,FaceSwap,UniFace,55,mean,0.9988498655232516,1
Celeb-synthesis__FaceSwap__UniFace__id23_id24_0009__e3961dbf,fake,test,FaceSwap,UniFace,53,mean,0.9995597274798267,1
Celeb-synthesis__FaceSwap__UniFace__id23_id35_0006__9c4d682a,fake,test,FaceSwap,UniFace,53,mean,0.9444664221889568,1
Celeb-synthesis__FaceSwap__UniFace__id25_id19_0003__8e751245,fake,train,FaceSwap,UniFace,42,mean,0.999225092785699,1
Celeb-synthesis__FaceSwap__UniFace__id25_id28_0005__fd9262d1,fake,train,FaceSwap,UniFace,52,mean,0.9374671735299321,1
Celeb-synthesis__FaceSwap__UniFace__id26_id23_0002__2d8b9554,fake,train,FaceSwap,UniFace,54,mean,0.9911501760836001,1
Celeb-synthesis__FaceSwap__UniFace__id37_id3_0007__ce1c0e99,fake,train,FaceSwap,UniFace,79,mean,0.9989089581030833,1
Celeb-synthesis__FaceSwap__UniFace__id45_id47_0004__444dfc0a,fake,train,FaceSwap,UniFace,52,mean,0.975639269902156,1
Celeb-synthesis__FaceSwap__UniFace__id48_id41_0006__85f4521e,fake,train,FaceSwap,UniFace,55,mean,0.43717692921107465,0
Celeb-synthesis__FaceSwap__UniFace__id50_id54_0004__6af864e5,fake,test,FaceSwap,UniFace,79,mean,0.33088097316389786,0
Celeb-synthesis__FaceSwap__UniFace__id55_id49_0008__71e45bf7,fake,train,FaceSwap,UniFace,72,mean,0.955739888879988,1
Celeb-synthesis__FaceSwap__UniFace__id60_id5_0001__269126df,fake,train,FaceSwap,UniFace,73,mean,0.9383915446392478,1
Celeb-synthesis__FaceSwap__UniFace__id6_id16_0000__73c8f6b5,fake,train,FaceSwap,UniFace,105,mean,0.9870219040484656,1
Celeb-synthesis__FaceSwap__UniFace__id9_id28_0004__bb7a2b22,fake,train,FaceSwap,UniFace,61,mean,0.9992758915072582,1
Celeb-synthesis__TalkingFace__AniTalker__id11_0003_test_id02725_37kUrf6RJdw__794ba055,fake,train,TalkingFace,AniTalker,44,mean,0.998136967420578,1
Celeb-synthesis__TalkingFace__AniTalker__id12_0004_test_id01066_65k0p7fUBVI__ed984723,fake,train,TalkingFace,AniTalker,31,mean,0.9875843697978605,1
Celeb-synthesis__TalkingFace__AniTalker__id16_0004_test_id03524_Lt7XKpDEmh0__ab4f76f6,fake,train,TalkingFace,AniTalker,40,mean,0.9988802343606948,1
Celeb-synthesis__TalkingFace__AniTalker__id16_0010_test_id07868_6qWwQj0a_uw__5f601772,fake,train,TalkingFace,AniTalker,28,mean,0.9985450804233551,1
Celeb-synthesis__TalkingFace__AniTalker__id1_0003_test_id04478_sxTXohsFkM4__a2b04c0e,fake,test,TalkingFace,AniTalker,27,mean,0.5396587120162116,1
Celeb-synthesis__TalkingFace__AniTalker__id24_0001_test_id02019_anSrwA_9RPE__866e4f55,fake,test,TalkingFace,AniTalker,26,mean,0.9114266015016116,1
Celeb-synthesis__TalkingFace__AniTalker__id24_0009_test_id00812_7ppP2WTpZ1s__0dde1eb3,fake,test,TalkingFace,AniTalker,56,mean,0.9965956370745387,1
Celeb-synthesis__TalkingFace__AniTalker__id26_0001_test_id03789_KMozTvI2He0__4ced9f79,fake,train,TalkingFace,AniTalker,27,mean,0.9733414340902258,1
Celeb-synthesis__TalkingFace__AniTalker__id27_0006_test_id02086_zbTnwM2r7Lk__210c065e,fake,train,TalkingFace,AniTalker,26,mean,0.7796217913811023,1
Celeb-synthesis__TalkingFace__AniTalker__id31_0009_test_id03839_C_MwvSBvUy8__b53cb2c1,fake,val,TalkingFace,AniTalker,38,mean,0.2404452309404549,0
Celeb-synthesis__TalkingFace__AniTalker__id39_0002_test_id01298_i8N_VPTGLis__f11e15fd,fake,train,TalkingFace,AniTalker,37,mean,0.5020121194019511,1
Celeb-synthesis__TalkingFace__AniTalker__id40_0007_test_id03382_yg4PLo7dVmk__c09f3bb2,fake,train,TalkingFace,AniTalker,49,mean,0.1610136736488464,0
Celeb-synthesis__TalkingFace__AniTalker__id45_0005_test_id03030_jSaAmd-y53U__a163a403,fake,train,TalkingFace,AniTalker,33,mean,0.3918526536135962,0
Celeb-synthesis__TalkingFace__AniTalker__id48_0002_test_id04656_jPpleSW9BCY__5874a74a,fake,train,TalkingFace,AniTalker,68,mean,0.8000769099111066,1
Celeb-synthesis__TalkingFace__AniTalker__id51_0002_test_id00562_0Zh6t-f8MsY__6b0060a0,fake,train,TalkingFace,AniTalker,34,mean,0.9973413050174713,1
Celeb-synthesis__TalkingFace__AniTalker__id55_0008_test_id01509_6wp2Lht90Fw__6cfb3a58,fake,train,TalkingFace,AniTalker,26,mean,0.9925405520659226,1
Celeb-synthesis__TalkingFace__AniTalker__id56_0006_test_id07494_HxLolmovgAs__e5e17e7a,fake,train,TalkingFace,AniTalker,45,mean,0.9257819904221429,1
Celeb-synthesis__TalkingFace__AniTalker__id61_0006_test_id00017_wrB-yyERH2s__b0ce7675,fake,train,TalkingFace,AniTalker,56,mean,0.7001061000462089,1
Celeb-synthesis__TalkingFace__AniTalker__id8_0002_test_id00817_EPPT9urr8Ew__fb7a52bb,fake,test,TalkingFace,AniTalker,37,mean,0.2135420236736536,0
Celeb-synthesis__TalkingFace__EDTalk__id10_0003_test_id05055_1lsf8QC-Lck__7890d8bb,fake,test,TalkingFace,EDTalk,29,mean,0.7235515621201746,1
Celeb-synthesis__TalkingFace__EDTalk__id11_0004_test_id04862_i6aGUMQW5jA__3fb1a1b0,fake,train,TalkingFace,EDTalk,28,mean,0.8189445010253361,1
Celeb-synthesis__TalkingFace__EDTalk__id13_0014_test_id08696_Hd5ulx7ZfO0__084367c3,fake,train,TalkingFace,EDTalk,30,mean,0.8475512822469076,1
Celeb-synthesis__TalkingFace__EDTalk__id16_0002_test_id04295_1fSjOItVYVg__3c8ca697,fake,train,TalkingFace,EDTalk,11,mean,0.9846257892521945,1
Celeb-synthesis__TalkingFace__EDTalk__id16_0005_test_id02317_quWGoFFkGr0__1017702e,fake,train,TalkingFace,EDTalk,30,mean,0.8809487976133823,1
Celeb-synthesis__TalkingFace__EDTalk__id17_0005_test_id02317_5B2PwYr8pT4__cfac2d7d,fake,train,TalkingFace,EDTalk,26,mean,0.8706678736668366,1
Celeb-synthesis__TalkingFace__EDTalk__id24_0000_test_id00866_0OxT7uyV-vU__9aa8a0a4,fake,test,TalkingFace,EDTalk,35,mean,0.3805404342710972,0
Celeb-synthesis__TalkingFace__EDTalk__id24_0002_test_id01228_SJQOZPMPSSg__56304908,fake,test,TalkingFace,EDTalk,29,mean,0.23928008761642308,0
Celeb-synthesis__TalkingFace__EDTalk__id32_0001_test_id07620_fx5jKGlv9Ek__4b630f88,fake,train,TalkingFace,EDTalk,31,mean,0.9085926740400253,1
Celeb-synthesis__TalkingFace__EDTalk__id35_0005_test_id07802_VidNMN18YwU__00c0d305,fake,train,TalkingFace,EDTalk,30,mean,0.6211369996890426,1
Celeb-synthesis__TalkingFace__EDTalk__id35_0008_test_id04656_6N_AmGKcdZo__9449d5b6,fake,train,TalkingFace,EDTalk,40,mean,0.4156226525083184,0
Celeb-synthesis__TalkingFace__EDTalk__id36_0002_test_id02317_V1il-79GsT4__b6f58f13,fake,train,TalkingFace,EDTalk,44,mean,0.9320497512817383,1
Celeb-synthesis__TalkingFace__EDTalk__id38_0000_test_id06692_IwB3vu418E4__ad736938,fake,train,TalkingFace,EDTalk,5,mean,0.9687754154205322,1
Celeb-synthesis__TalkingFace__EDTalk__id46_0003_test_id04276_sPZWjloFrg8__35172969,fake,train,TalkingFace,EDTalk,27,mean,0.9307778565971939,1
Celeb-synthesis__TalkingFace__EDTalk__id47_0008_test_id03127_RmKc_HNTw-k__e607e11a,fake,train,TalkingFace,EDTalk,45,mean,0.9775424930784438,1
Celeb-synthesis__TalkingFace__EDTalk__id55_0007_test_id05176_zTGzM2koGAQ__402c07fb,fake,train,TalkingFace,EDTalk,51,mean,0.24137232518371413,0
Celeb-synthesis__TalkingFace__EDTalk__id56_0008_test_id08696_B8nZX3w62Fg__514b1da2,fake,train,TalkingFace,EDTalk,59,mean,0.5602184734544007,1
Celeb-synthesis__TalkingFace__EDTalk__id9_0000_test_id07621_23TZokV8wvg__bdbd6275,fake,train,TalkingFace,EDTalk,29,mean,0.6541352189820389,1
Celeb-synthesis__TalkingFace__EchoMimic__id17_0001_test_id06692_EC9TCRJkBhI__af2b3769,fake,train,TalkingFace,EchoMimic,17,mean,0.762797895599814,1
Celeb-synthesis__TalkingFace__EchoMimic__id1_0000_test_id04862_NPOoEt--t_g__a7ce9fe6,fake,test,TalkingFace,EchoMimic,17,mean,0.9979725409956539,1
Celeb-synthesis__TalkingFace__EchoMimic__id21_0002_test_id03524_cxnnKLQYemo__332d8a6d,fake,train,TalkingFace,EchoMimic,30,mean,0.7467226800819238,1
Celeb-synthesis__TalkingFace__EchoMimic__id21_0004_test_id04366_43BiUVlNy58__e81c9e8b,fake,train,TalkingFace,EchoMimic,34,mean,0.946612529018346,1
Celeb-synthesis__TalkingFace__EchoMimic__id22_0002_test_id05055_cZZMU1w_HO4__85427c0a,fake,test,TalkingFace,EchoMimic,19,mean,0.994807996247944,1
Celeb-synthesis__TalkingFace__EchoMimic__id25_0004_test_id00926_TOxtKuoggFI__b6e859c3,fake,train,TalkingFace,EchoMimic,28,mean,0.9777459055185318,1
Celeb-synthesis__TalkingFace__EchoMimic__id2_0001_test_id04656_Bi7kCsbg5L0__48cd039f,fake,train,TalkingFace,EchoMimic,2,mean,0.9977918267250061,1
Celeb-synthesis__TalkingFace__EchoMimic__id30_0001_test_id06484_4iWGFxMOmKI__022b0c1b,fake,train,TalkingFace,EchoMimic,29,mean,0.9977311985246067,1
Celeb-synthesis__TalkingFace__EchoMimic__id47_0004_test_id04656_27HyvKOXDjo__ba68f94a,fake,train,TalkingFace,EchoMimic,34,mean,0.3309098570881521,0
Celeb-synthesis__TalkingFace__EchoMimic__id48_0000_test_id02445_ZX_6RMrTEP0__4c87aef6,fake,train,TalkingFace,EchoMimic,16,mean,0.23216106614563614,0
Celeb-synthesis__TalkingFace__EchoMimic__id48_0002_test_id04656_jPpleSW9BCY__4cf1cf35,fake,train,TalkingFace,EchoMimic,66,mean,0.23913736644229203,0
Celeb-synthesis__TalkingFace__EchoMimic__id49_0008_test_id07414_N7IVsTDjNU0__d3ee12d8,fake,val,TalkingFace,EchoMimic,52,mean,0.49909779955991185,0
Celeb-synthesis__TalkingFace__EchoMimic__id54_0004_test_id01106_mkgP19APekU__a3c8203c,fake,test,TalkingFace,EchoMimic,29,mean,0.07048541529039884,0
Celeb-synthesis__TalkingFace__EchoMimic__id5_0000_test_id03127_mn_mOy6f4bg__740f923f,fake,val,TalkingFace,EchoMimic,31,mean,0.8207735712489774,1
Celeb-synthesis__TalkingFace__EchoMimic__id5_0001_test_id07620_BiqpFzenkJ8__ab6a28e9,fake,val,TalkingFace,EchoMimic,34,mean,0.9543707598658169,1
Celeb-synthesis__TalkingFace__EchoMimic__id6_0003_test_id04950_XJS6SLQuCNM__ab62b200,fake,train,TalkingFace,EchoMimic,42,mean,0.9740691781044006,1
Celeb-synthesis__TalkingFace__EchoMimic__id9_0009_test_id04094_Mn2XdOCOmc4__1e0499b1,fake,train,TalkingFace,EchoMimic,27,mean,0.9948243697484335,1
Celeb-synthesis__TalkingFace__FLOAT__id17_0005_test_id03969_dxU4gOdESXQ__9d0d1686,fake,train,TalkingFace,FLOAT,28,mean,0.9572742176907403,1
Celeb-synthesis__TalkingFace__FLOAT__id29_0002_test_id07494_uFTbGfh8n3c__17ccb53c,fake,val,TalkingFace,FLOAT,33,mean,0.9974343289028514,1
Celeb-synthesis__TalkingFace__FLOAT__id2_0004_test_id05015_cveAkY4KXUk__953b3197,fake,train,TalkingFace,FLOAT,39,mean,0.8542966594298681,1
Celeb-synthesis__TalkingFace__FLOAT__id2_0005_test_id05850_WCsUJ380ww8__8da4ea18,fake,train,TalkingFace,FLOAT,28,mean,0.996380518589701,1
Celeb-synthesis__TalkingFace__FLOAT__id2_0006_test_id01298_oCRfIciXOPs__3b2e27da,fake,train,TalkingFace,FLOAT,69,mean,0.9602930407593215,1
Celeb-synthesis__TalkingFace__FLOAT__id38_0006_test_id03041_qyCz5uttaAA__f84231ef,fake,train,TalkingFace,FLOAT,46,mean,0.9935962298642034,1
Celeb-synthesis__TalkingFace__FLOAT__id3_0002_test_id08552_7kf2EfS9G6Q__37c40363,fake,train,TalkingFace,FLOAT,28,mean,0.9684950581618718,1
Celeb-synthesis__TalkingFace__FLOAT__id47_0007_test_id03524_nKxz0LxKZ58__4ba50397,fake,train,TalkingFace,FLOAT,36,mean,0.8865176795257462,1
Celeb-synthesis__TalkingFace__FLOAT__id48_0004_test_id08696_Hd5ulx7ZfO0__c1351bc3,fake,train,TalkingFace,FLOAT,31,mean,0.7913040682192771,1
Celeb-synthesis__TalkingFace__FLOAT__id51_0004_test_id01618_gdW26NMVO2g__a76470b2,fake,train,TalkingFace,FLOAT,36,mean,0.9329935595807102,1
Celeb-synthesis__TalkingFace__FLOAT__id51_0009_test_id04094_XXOtyg4RxTE__2ede6c82,fake,train,TalkingFace,FLOAT,36,mean,0.9980129616128074,1
Celeb-synthesis__TalkingFace__FLOAT__id52_0001_test_id08374_FW6ALFdkBfk__5bcde2e2,fake,test,TalkingFace,FLOAT,32,mean,0.8945356871699914,1
Celeb-synthesis__TalkingFace__FLOAT__id53_0002_test_id08392_wCwdWmxtP1U__c2f127ce,fake,train,TalkingFace,FLOAT,27,mean,0.9843463522416575,1
Celeb-synthesis__TalkingFace__FLOAT__id58_0000_test_id02086__bhLunJkB1Y__5e474701,fake,train,TalkingFace,FLOAT,35,mean,0.4014199801587633,0
Celeb-synthesis__TalkingFace__FLOAT__id58_0004_test_id04536_ofq_mx53rf4__f56fd15f,fake,train,TalkingFace,FLOAT,48,mean,0.9890125195185343,1
Celeb-synthesis__TalkingFace__FLOAT__id58_0004_test_id08374_CMT4yP1eAug__8908a8ef,fake,train,TalkingFace,FLOAT,27,mean,0.9912022197688067,1
Celeb-synthesis__TalkingFace__FLOAT__id58_0008_test_id03127_Lgd5qn2-kMo__4f97346a,fake,train,TalkingFace,FLOAT,60,mean,0.9911082098881404,1
Celeb-synthesis__TalkingFace__FLOAT__id59_0005_test_id08392_V2DQaPnQhBs__9e42e7d6,fake,train,TalkingFace,FLOAT,40,mean,0.995594111084938,1
Celeb-synthesis__TalkingFace__FLOAT__id59_0006_test_id08701_yty4X4F1mQY__67454fd2,fake,train,TalkingFace,FLOAT,57,mean,0.9352656053869348,1
Celeb-synthesis__TalkingFace__IP_LAP__id11_0009_test_id03347_b4wl7nEZ2wE__6b02995e,fake,train,TalkingFace,IP_LAP,42,mean,0.40525044970923946,0
Celeb-synthesis__TalkingFace__IP_LAP__id17_0008_test_id02317_U9C74tfLcqc__78e8dd1d,fake,train,TalkingFace,IP_LAP,25,mean,0.9181912052631378,1
Celeb-synthesis__TalkingFace__IP_LAP__id20_0007_test_id09017_uzmhrmJLNoM__fbf7a888,fake,train,TalkingFace,IP_LAP,40,mean,0.9991196379065513,1
Celeb-synthesis__TalkingFace__IP_LAP__id30_0002_test_id01224_i24BZ8uXDzE__f50190a7,fake,train,TalkingFace,IP_LAP,56,mean,0.9267400135951382,1
Celeb-synthesis__TalkingFace__IP_LAP__id32_0009_test_id04094_SeYATZknAgI__42332e6c,fake,train,TalkingFace,IP_LAP,11,mean,0.8578739979050376,1
Celeb-synthesis__TalkingFace__IP_LAP__id34_0008_test_id04232_T7dROCqmwNQ__745f8ce8,fake,train,TalkingFace,IP_LAP,48,mean,0.9821209199726582,1
Celeb-synthesis__TalkingFace__IP_LAP__id37_0000_test_id04232_lcNvUKfW9tY__1e6b4fb6,fake,train,TalkingFace,IP_LAP,32,mean,0.9578377231955528,1
Celeb-synthesis__TalkingFace__IP_LAP__id37_0004_test_id01228_ji5bXRNaUtQ__bf24620a,fake,train,TalkingFace,IP_LAP,25,mean,0.27392850548028946,0
Celeb-synthesis__TalkingFace__IP_LAP__id3_0005_test_id04950_beeuwSz8XZU__f26a219b,fake,train,TalkingFace,IP_LAP,59,mean,0.9846432825266305,1
Celeb-synthesis__TalkingFace__IP_LAP__id3_0006_test_id03178_FDfJLMr1-_o__fe0b3aa9,fake,train,TalkingFace,IP_LAP,30,mean,0.9809368709723155,1
Celeb-synthesis__TalkingFace__IP_LAP__id45_0003_test_id07621_1L2IUy6gqaM__0718062b,fake,train,TalkingFace,IP_LAP,22,mean,0.35419736125252466,0
Celeb-synthesis__TalkingFace__IP_LAP__id47_0002_test_id01333_D9Eylmbz4Ik__14836f1b,fake,train,TalkingFace,IP_LAP,47,mean,0.7790238034534962,1
Celeb-synthesis__TalkingFace__IP_LAP__id4_0001_test_id03030_tAA7AHbEteI__4bd75861,fake,train,TalkingFace,IP_LAP,34,mean,0.9649679555612451,1
Celeb-synthesis__TalkingFace__IP_LAP__id4_0003_test_id06484_oG2N7E2Pu60__3c126936,fake,train,TalkingFace,IP_LAP,27,mean,0.9247517585754395,1
Celeb-synthesis__TalkingFace__IP_LAP__id52_0008_test_id02317_U9C74tfLcqc__22508245,fake,test,TalkingFace,IP_LAP,22,mean,0.6721523018045858,1
Celeb-synthesis__TalkingFace__IP_LAP__id54_0003_test_id02317_B_Tih3Eph2k__e9dd2498,fake,test,TalkingFace,IP_LAP,43,mean,0.3917597817300364,0
Celeb-synthesis__TalkingFace__IP_LAP__id57_0009_test_id02057__2WyFQMn6to__7572af35,fake,train,TalkingFace,IP_LAP,32,mean,0.7693714047782123,1
Celeb-synthesis__TalkingFace__IP_LAP__id58_0000_test_id07354_nfIBEJYZG7o__d7c1857d,fake,train,TalkingFace,IP_LAP,28,mean,0.44802462129986714,0
Celeb-synthesis__TalkingFace__Real3DPortrait__id20_0008_test_id03524_GkvScYvOJ7o__60452cfc,fake,train,TalkingFace,Real3DPortrait,39,mean,0.9934810996055603,1
Celeb-synthesis__TalkingFace__Real3DPortrait__id25_0000_test_id00866_1ki58847CNs__d63cff9f,fake,train,TalkingFace,Real3DPortrait,48,mean,0.9930350532134374,1
Celeb-synthesis__TalkingFace__Real3DPortrait__id25_0001_test_id02542_YF501SIO5Mc__5ecc8306,fake,train,TalkingFace,Real3DPortrait,32,mean,0.8789454102516174,1
Celeb-synthesis__TalkingFace__Real3DPortrait__id25_0008_test_id05999_Tqa_oC4TyJc__8bb48083,fake,train,TalkingFace,Real3DPortrait,13,mean,0.9300401852681086,1
Celeb-synthesis__TalkingFace__Real3DPortrait__id28_0008_test_id02542_cwgUjse_REU__c0cf674e,fake,train,TalkingFace,Real3DPortrait,29,mean,0.9952514993733373,1
Celeb-synthesis__TalkingFace__Real3DPortrait__id29_0007_test_id04253_5HYtpHHpsE0__4d4e4a7f,fake,val,TalkingFace,Real3DPortrait,30,mean,0.052880182024091484,0
Celeb-synthesis__TalkingFace__Real3DPortrait__id33_0006_test_id05714_wFGNufaMbDY__9a10a718,fake,train,TalkingFace,Real3DPortrait,30,mean,0.9921705265839894,1
Celeb-synthesis__TalkingFace__Real3DPortrait__id34_0001_test_id02317_5moKZXlJTEs__099ebb58,fake,train,TalkingFace,Real3DPortrait,48,mean,0.7617746590015789,1
Celeb-synthesis__TalkingFace__Real3DPortrait__id35_0007_test_id06310_N_524p1QzXQ__35cbe0f2,fake,train,TalkingFace,Real3DPortrait,27,mean,0.9023873011271158,1
Celeb-synthesis__TalkingFace__Real3DPortrait__id37_0007_test_id05654_lgnVNGGeF7E__041cc191,fake,train,TalkingFace,Real3DPortrait,26,mean,0.08931581855106813,0
Celeb-synthesis__TalkingFace__Real3DPortrait__id38_0000_test_id06811_iZWKAx9tmkk__eeab3496,fake,train,TalkingFace,Real3DPortrait,52,mean,0.9867550959953895,1
Celeb-synthesis__TalkingFace__Real3DPortrait__id39_0008_test_id07494_XMEIdqio6ic__d11b7574,fake,train,TalkingFace,Real3DPortrait,59,mean,0.8860652921563488,1
Celeb-synthesis__TalkingFace__Real3DPortrait__id40_0002_test_id08392_3e5zvNaT-eU__b5053e0f,fake,train,TalkingFace,Real3DPortrait,30,mean,0.995860364039739,1
Celeb-synthesis__TalkingFace__Real3DPortrait__id46_0003_test_id04276_sPZWjloFrg8__7fdd9a7a,fake,train,TalkingFace,Real3DPortrait,4,mean,0.9976992905139923,1
Celeb-synthesis__TalkingFace__Real3DPortrait__id47_0003_test_id01822_taZoHZYN5-E__3a745d4b,fake,train,TalkingFace,Real3DPortrait,37,mean,0.14554863297254653,0
Celeb-synthesis__TalkingFace__Real3DPortrait__id50_0003_test_id03382_NlRnEAJTS3Y__1fb1ed1b,fake,test,TalkingFace,Real3DPortrait,27,mean,0.9983142305303503,1
Celeb-synthesis__TalkingFace__Real3DPortrait__id52_0005_test_id08392_AiCBF9JW-d8__5b87d047,fake,test,TalkingFace,Real3DPortrait,72,mean,0.3550163212284032,0
Celeb-synthesis__TalkingFace__Real3DPortrait__id7_0000_test_id04119_CACsuwm13iI__94d25b36,fake,train,TalkingFace,Real3DPortrait,44,mean,0.993489842523228,1
Celeb-synthesis__TalkingFace__Real3DPortrait__id9_0004_test_id05055_1lsf8QC-Lck__d7e043f8,fake,train,TalkingFace,Real3DPortrait,30,mean,0.0301391311455518,0
Celeb-synthesis__TalkingFace__SadTalker__id11_0010_test_id09017_I5fFZuGVAvs__48c1e842,fake,train,TalkingFace,SadTalker,52,mean,0.9984362767292903,1
Celeb-synthesis__TalkingFace__SadTalker__id13_0001_test_id00081_xjfPXNgzW6o__cc5a4571,fake,train,TalkingFace,SadTalker,68,mean,0.8702542992199168,1
Celeb-synthesis__TalkingFace__SadTalker__id13_0014_test_id04232_Ui7YgRJZ8YQ__f5d8175a,fake,train,TalkingFace,SadTalker,26,mean,0.9959123042913584,1
Celeb-synthesis__TalkingFace__SadTalker__id16_0006_test_id07620_l63wBe6oNrw__e34b65a7,fake,train,TalkingFace,SadTalker,25,mean,0.9306289386749268,1
Celeb-synthesis__TalkingFace__SadTalker__id19_0007_test_id01822_wV0Fl0ZN7Vg__395158c2,fake,test,TalkingFace,SadTalker,31,mean,0.9856781113532281,1
Celeb-synthesis__TalkingFace__SadTalker__id23_0001_test_id03862_6W_l9CHyUZg__6bb62c2a,fake,test,TalkingFace,SadTalker,16,mean,0.9860342964529991,1
Celeb-synthesis__TalkingFace__SadTalker__id25_0004_test_id01593_tLFWX-IdAwI__c675a9b2,fake,train,TalkingFace,SadTalker,29,mean,0.9915216647345444,1
Celeb-synthesis__TalkingFace__SadTalker__id27_0008_test_id04119_6S22oDDSe4g__02381c44,fake,train,TalkingFace,SadTalker,70,mean,0.5791839615574905,1
Celeb-synthesis__TalkingFace__SadTalker__id28_0004_test_id06811_ImzUwwYU6SQ__ea2d8f19,fake,train,TalkingFace,SadTalker,13,mean,0.555675942164201,1
Celeb-synthesis__TalkingFace__SadTalker__id2_0007_test_id03127_QAySEL63CLw__03ef5aa6,fake,train,TalkingFace,SadTalker,29,mean,0.996604337774474,1
Celeb-synthesis__TalkingFace__SadTalker__id37_0006_test_id06209_a_65cw09BjY__56819129,fake,train,TalkingFace,SadTalker,27,mean,0.9411767964009885,1
Celeb-synthesis__TalkingFace__SadTalker__id39_0006_test_id08696_nWfOgj03gag__75653d8f,fake,train,TalkingFace,SadTalker,35,mean,0.5815347186688866,1
Celeb-synthesis__TalkingFace__SadTalker__id50_0003_test_id03382_NlRnEAJTS3Y__1d0fa42c,fake,test,TalkingFace,SadTalker,27,mean,0.9976587737048114,1
Celeb-synthesis__TalkingFace__SadTalker__id52_0001_test_id05999_nDjFzNd5qNQ__09ca3e40,fake,test,TalkingFace,SadTalker,27,mean,0.3535961419412935,0
Celeb-synthesis__TalkingFace__SadTalker__id54_0002_test_id03981_WtHDD38CbYE__17aa1a91,fake,test,TalkingFace,SadTalker,65,mean,0.21517217468756897,0
Celeb-synthesis__TalkingFace__SadTalker__id57_0009_test_id01333_LI6eLfuTn6I__f10b1e35,fake,train,TalkingFace,SadTalker,29,mean,0.9948711477476975,1
Celeb-synthesis__TalkingFace__SadTalker__id60_0003_test_id07868_G6yM82HVOKI__38ad5563,fake,train,TalkingFace,SadTalker,28,mean,0.9984248195375715,1
Celeb-synthesis__TalkingFace__SadTalker__id8_0001_test_id01460_Es6CkRmkIBY__2255fece,fake,test,TalkingFace,SadTalker,26,mean,0.5497830458558522,1
YouTube-real__00000__5e10c2a6,real,train,nan,YouTube-real,75,mean,0.34020002029836177,0
YouTube-real__00001__94129e59,real,train,nan,YouTube-real,70,mean,0.8696937656828335,1
YouTube-real__00005__e68880de,real,train,nan,YouTube-real,78,mean,0.9833121391443106,1
YouTube-real__00006__11c15a14,real,test,nan,YouTube-real,81,mean,0.9312601516161252,1
YouTube-real__00008__28dc0846,real,train,nan,YouTube-real,80,mean,0.9990490548312664,1
YouTube-real__00011__75a0cff7,real,train,nan,YouTube-real,79,mean,0.5685855194431129,1
YouTube-real__00012__3a81ebd4,real,test,nan,YouTube-real,67,mean,0.9441811582490579,1
YouTube-real__00013__3f4d1b10,real,train,nan,YouTube-real,79,mean,0.8787907599648342,1
YouTube-real__00015__ccd8f38b,real,test,nan,YouTube-real,74,mean,0.998085953899332,1
YouTube-real__00016__8a41b01a,real,test,nan,YouTube-real,54,mean,0.9578190523165243,1
YouTube-real__00017__c305fbef,real,val,nan,YouTube-real,47,mean,0.9943880590986698,1
YouTube-real__00023__e371a1eb,real,train,nan,YouTube-real,78,mean,0.9870914595249372,1
YouTube-real__00024__21bb6f4b,real,test,nan,YouTube-real,92,mean,0.9955799573141596,1
YouTube-real__00025__db3eb10e,real,test,nan,YouTube-real,79,mean,0.995855458929569,1
YouTube-real__00026__3c44e9f3,real,train,nan,YouTube-real,84,mean,0.9865752373422895,1
YouTube-real__00027__99be8380,real,train,nan,YouTube-real,81,mean,0.94142015941763,1
YouTube-real__00028__a0c7c79c,real,train,nan,YouTube-real,79,mean,0.4000271898399614,0
YouTube-real__00030__1b6e47ad,real,train,nan,YouTube-real,79,mean,0.7575709955601753,1
YouTube-real__00031__72060a50,real,train,nan,YouTube-real,85,mean,0.985070447360768,1
YouTube-real__00032__5808c82b,real,train,nan,YouTube-real,78,mean,0.8946093897788953,1
YouTube-real__00033__e54bf5b0,real,test,nan,YouTube-real,77,mean,0.32748726253434046,0
YouTube-real__00035__97d80fd9,real,test,nan,YouTube-real,77,mean,0.9441604107231288,1
YouTube-real__00037__a09736d0,real,train,nan,YouTube-real,76,mean,0.6438496344367435,1
YouTube-real__00038__9fde613b,real,test,nan,YouTube-real,78,mean,0.997528850268095,1
YouTube-real__00041__277d6bef,real,val,nan,YouTube-real,76,mean,0.9113814777841693,1
YouTube-real__00043__3feb2a5e,real,train,nan,YouTube-real,79,mean,0.6458897860602865,1
YouTube-real__00044__9b1b666f,real,train,nan,YouTube-real,78,mean,0.9973486371529408,1
YouTube-real__00045__8dd9a58f,real,train,nan,YouTube-real,77,mean,0.9964318020003182,1
YouTube-real__00046__f25fb607,real,train,nan,YouTube-real,79,mean,0.3331327791520265,0
YouTube-real__00047__ddcd50e0,real,train,nan,YouTube-real,82,mean,0.9992027791534982,1
YouTube-real__00048__4fd889df,real,train,nan,YouTube-real,81,mean,0.9841710277545599,1
YouTube-real__00049__fc07b784,real,train,nan,YouTube-real,80,mean,0.8558061248157174,1
YouTube-real__00050__d005a88f,real,test,nan,YouTube-real,79,mean,0.9547246856779992,1
YouTube-real__00051__7c950efb,real,val,nan,YouTube-real,62,mean,0.635045574437226,1
YouTube-real__00052__6d571b17,real,train,nan,YouTube-real,78,mean,0.8900353458638375,1
YouTube-real__00053__aa10062c,real,train,nan,YouTube-real,78,mean,0.9215871919042025,1
YouTube-real__00055__e841059e,real,test,nan,YouTube-real,78,mean,0.9145769196060988,1
YouTube-real__00057__50c336b0,real,train,nan,YouTube-real,78,mean,0.6404622805376465,1
YouTube-real__00058__29f03de6,real,train,nan,YouTube-real,85,mean,0.9912663074100718,1
YouTube-real__00059__817dd5d4,real,train,nan,YouTube-real,79,mean,0.9933878009832358,1
YouTube-real__00060__7b2828f1,real,train,nan,YouTube-real,80,mean,0.798211483610794,1
YouTube-real__00061__072a139e,real,train,nan,YouTube-real,69,mean,0.9979722499847412,1
YouTube-real__00062__5f3cac2e,real,train,nan,YouTube-real,80,mean,0.7941901838406921,1
YouTube-real__00063__89546de2,real,train,nan,YouTube-real,80,mean,0.46208153404295443,0
YouTube-real__00064__25534500,real,test,nan,YouTube-real,72,mean,0.9980785540408559,1
YouTube-real__00068__86a893bb,real,train,nan,YouTube-real,80,mean,0.998605290800333,1
YouTube-real__00069__0ba4fb30,real,train,nan,YouTube-real,72,mean,0.83940236738676,1
YouTube-real__00071__cce69df6,real,train,nan,YouTube-real,85,mean,0.9175301657003515,1
YouTube-real__00072__3c790bf8,real,train,nan,YouTube-real,80,mean,0.8691066359169781,1
YouTube-real__00073__d03d1650,real,train,nan,YouTube-real,80,mean,0.9968285262584686,1
YouTube-real__00074__c26b8ab8,real,train,nan,YouTube-real,79,mean,0.910420807384992,1
YouTube-real__00075__0ae7a63e,real,test,nan,YouTube-real,79,mean,0.0019039544645296056,0
YouTube-real__00076__257a92ad,real,train,nan,YouTube-real,80,mean,0.8471087709534914,1
YouTube-real__00078__7fcc5ffb,real,train,nan,YouTube-real,82,mean,0.9549938050530306,1
YouTube-real__00079__ed2159b2,real,train,nan,YouTube-real,65,mean,0.4619659576851588,0
YouTube-real__00080__51683885,real,train,nan,YouTube-real,80,mean,0.9985972709953785,1
YouTube-real__00083__a4b1f59c,real,train,nan,YouTube-real,60,mean,0.7685370087390766,1
YouTube-real__00085__977be2be,real,train,nan,YouTube-real,110,mean,0.936399025063623,1
YouTube-real__00087__f326e141,real,train,nan,YouTube-real,78,mean,0.4423888355063704,0
YouTube-real__00088__082b4c4c,real,test,nan,YouTube-real,83,mean,0.6871920692207045,1
YouTube-real__00090__10f688ee,real,train,nan,YouTube-real,70,mean,0.9988632074424199,1
YouTube-real__00091__68a37a65,real,train,nan,YouTube-real,76,mean,0.9865710715714254,1
YouTube-real__00094__4160a4f5,real,val,nan,YouTube-real,69,mean,0.4778761721310624,0
YouTube-real__00096__5cc42443,real,test,nan,YouTube-real,51,mean,0.9837969225995681,1
YouTube-real__00097__34f01da9,real,train,nan,YouTube-real,84,mean,0.9964872818617594,1
YouTube-real__00099__65380240,real,test,nan,YouTube-real,83,mean,0.19819079621706204,0
YouTube-real__00100__28471f0d,real,val,nan,YouTube-real,89,mean,0.956833294603262,1
YouTube-real__00104__06a37790,real,train,nan,YouTube-real,84,mean,0.631670382733102,1
YouTube-real__00106__c2af865d,real,train,nan,YouTube-real,55,mean,0.9700969923626293,1
YouTube-real__00108__70cd3b50,real,train,nan,YouTube-real,80,mean,0.8652172795496881,1
YouTube-real__00112__99abea57,real,train,nan,YouTube-real,80,mean,0.8933929083868861,1
YouTube-real__00113__c3b702ab,real,val,nan,YouTube-real,84,mean,0.9991588890552521,1
YouTube-real__00115__5ebb8093,real,train,nan,YouTube-real,52,mean,0.5043843441884607,1
YouTube-real__00116__c30eeafc,real,train,nan,YouTube-real,79,mean,0.9282893515840361,1
YouTube-real__00117__bdf249b7,real,train,nan,YouTube-real,77,mean,0.8479101042347875,1
YouTube-real__00118__9d087595,real,train,nan,YouTube-real,79,mean,0.9871713918975636,1
YouTube-real__00119__e4f2f08c,real,train,nan,YouTube-real,71,mean,0.9992477860249264,1
YouTube-real__00121__15f8d3f7,real,train,nan,YouTube-real,78,mean,0.9516243588847991,1
YouTube-real__00122__bb05a29b,real,train,nan,YouTube-real,61,mean,0.9995032558675672,1
YouTube-real__00123__90f3671c,real,train,nan,YouTube-real,51,mean,0.9966435432434082,1
YouTube-real__00124__10aa7687,real,train,nan,YouTube-real,71,mean,0.6216411667311905,1
YouTube-real__00125__e5eb87b1,real,train,nan,YouTube-real,47,mean,0.5605368540087279,1
YouTube-real__00127__3264da78,real,test,nan,YouTube-real,81,mean,0.7885981816798449,1
YouTube-real__00129__572e2c73,real,train,nan,YouTube-real,78,mean,0.8998331520587015,1
YouTube-real__00131__070a3ab1,real,train,nan,YouTube-real,60,mean,0.9430602529396613,1
YouTube-real__00133__a93670e2,real,train,nan,YouTube-real,84,mean,0.9379044253201712,1
YouTube-real__00134__d5e585d9,real,test,nan,YouTube-real,81,mean,0.7996258706797237,1
YouTube-real__00135__255b0e64,real,train,nan,YouTube-real,59,mean,0.9910271864826397,1
YouTube-real__00136__8fcc69b3,real,train,nan,YouTube-real,49,mean,0.6138409236826154,1
YouTube-real__00138__5b8f49e2,real,train,nan,YouTube-real,81,mean,0.5521152134018915,1
YouTube-real__00139__e7770bb3,real,val,nan,YouTube-real,93,mean,0.9973231579667778,1
YouTube-real__00140__42111c89,real,train,nan,YouTube-real,64,mean,0.644536714462447,1
YouTube-real__00141__7a6b2440,real,val,nan,YouTube-real,75,mean,0.9669834885994594,1
YouTube-real__00143__a1040d38,real,train,nan,YouTube-real,77,mean,0.9970489686185663,1
YouTube-real__00144__b7e7cfed,real,train,nan,YouTube-real,76,mean,0.788696558962233,1
YouTube-real__00146__85d6bb79,real,test,nan,YouTube-real,121,mean,0.9497786768950707,1
YouTube-real__00147__320f9c80,real,test,nan,YouTube-real,86,mean,0.8361539266960218,1
YouTube-real__00149__38bf8552,real,train,nan,YouTube-real,85,mean,0.12966256132897208,0
YouTube-real__00151__fcfd2fdc,real,train,nan,YouTube-real,84,mean,0.3812381328593585,0
YouTube-real__00153__7b5e6055,real,train,nan,YouTube-real,82,mean,0.7871328095973629,1
YouTube-real__00157__6f226d5a,real,test,nan,YouTube-real,75,mean,0.9486342430114746,1
YouTube-real__00158__4c71694b,real,train,nan,YouTube-real,76,mean,0.9975052209276902,1
YouTube-real__00162__f3fecc3a,real,train,nan,YouTube-real,75,mean,0.8356049440304438,1
YouTube-real__00163__a2bc8a94,real,train,nan,YouTube-real,80,mean,0.881843481399119,1
YouTube-real__00164__9b5cf88e,real,train,nan,YouTube-real,88,mean,0.6704520039175722,1
YouTube-real__00165__3f9f6ba4,real,train,nan,YouTube-real,79,mean,0.9829682985061332,1
YouTube-real__00166__c51d6bde,real,test,nan,YouTube-real,79,mean,0.8710259614936724,1
YouTube-real__00167__272a6fd1,real,train,nan,YouTube-real,80,mean,0.5292715930263512,1
YouTube-real__00170__5100f184,real,train,nan,YouTube-real,58,mean,0.4533477321524045,0
YouTube-real__00172__5894f923,real,test,nan,YouTube-real,59,mean,0.8426759920509185,1
YouTube-real__00174__9cf35370,real,train,nan,YouTube-real,78,mean,0.9520216865990406,1
YouTube-real__00176__2541ebaa,real,train,nan,YouTube-real,101,mean,0.8251249179575998,1
YouTube-real__00181__1669ed2f,real,train,nan,YouTube-real,66,mean,0.6542924546467309,1
YouTube-real__00182__1a9e3389,real,train,nan,YouTube-real,80,mean,0.9987782709300518,1
YouTube-real__00183__c06a5d03,real,train,nan,YouTube-real,86,mean,0.29190947964440944,0
YouTube-real__00184__de20d94a,real,val,nan,YouTube-real,78,mean,0.9866436322530111,1
YouTube-real__00185__f8ead19f,real,train,nan,YouTube-real,79,mean,0.7126924868590564,1
YouTube-real__00186__ca42bb19,real,val,nan,YouTube-real,85,mean,0.8454779043848462,1
YouTube-real__00188__1dfcd8c6,real,test,nan,YouTube-real,80,mean,0.9953551523387432,1
YouTube-real__00189__1413f3c4,real,train,nan,YouTube-real,69,mean,0.26836684294233937,0
YouTube-real__00191__f212fe17,real,train,nan,YouTube-real,74,mean,0.9979839163857538,1
YouTube-real__00192__40a2635f,real,test,nan,YouTube-real,79,mean,0.774653142601063,1
YouTube-real__00193__244ee452,real,train,nan,YouTube-real,59,mean,0.24860327041676364,0
YouTube-real__00194__b4e07ea5,real,val,nan,YouTube-real,77,mean,0.9897047451564244,1
YouTube-real__00196__a95352ad,real,test,nan,YouTube-real,80,mean,0.7574117605341598,1
YouTube-real__00199__6d337691,real,train,nan,YouTube-real,80,mean,0.9985228098928929,1
YouTube-real__00201__4a381149,real,train,nan,YouTube-real,77,mean,0.786211610324197,1
YouTube-real__00202__8d69b06d,real,train,nan,YouTube-real,84,mean,0.9858547250429789,1
YouTube-real__00203__13a46be8,real,test,nan,YouTube-real,52,mean,0.820737524710309,1
YouTube-real__00204__52004e3b,real,test,nan,YouTube-real,78,mean,0.5080902569819815,1
YouTube-real__00205__7e19abde,real,test,nan,YouTube-real,76,mean,0.38145221045583877,0
YouTube-real__00206__5a5fdf70,real,test,nan,YouTube-real,76,mean,0.7143292138107905,1
YouTube-real__00207__44d1e320,real,test,nan,YouTube-real,21,mean,0.3393193905552228,0
YouTube-real__00209__8f67994d,real,train,nan,YouTube-real,77,mean,0.9866605927417804,1
YouTube-real__00210__180dbb4a,real,val,nan,YouTube-real,102,mean,0.3747112478366962,0
YouTube-real__00211__99b3551d,real,train,nan,YouTube-real,71,mean,0.9739885487606827,1
YouTube-real__00212__a9232d2e,real,train,nan,YouTube-real,69,mean,0.7745068082113521,1
YouTube-real__00213__b52f3036,real,test,nan,YouTube-real,77,mean,0.9869182164018805,1
YouTube-real__00214__25dcc0b1,real,test,nan,YouTube-real,75,mean,0.9765016676982244,1
YouTube-real__00215__e09120fc,real,train,nan,YouTube-real,79,mean,0.20160238303338426,0
YouTube-real__00218__b37c7665,real,train,nan,YouTube-real,80,mean,0.9843523822724819,1
YouTube-real__00219__142de838,real,train,nan,YouTube-real,81,mean,0.9844700421816037,1
YouTube-real__00222__7743d1ea,real,train,nan,YouTube-real,78,mean,0.9917823305496802,1
YouTube-real__00223__600bf6c4,real,train,nan,YouTube-real,80,mean,0.41026621104683725,0
YouTube-real__00225__88138c5b,real,train,nan,YouTube-real,78,mean,0.9736355023983961,1
YouTube-real__00226__712b6779,real,train,nan,YouTube-real,78,mean,0.7497673907961983,1
YouTube-real__00227__ad8ab050,real,train,nan,YouTube-real,79,mean,0.5172228221840496,1
YouTube-real__00228__d50177f3,real,train,nan,YouTube-real,79,mean,0.9991502656212335,1
YouTube-real__00229__72a9c587,real,train,nan,YouTube-real,89,mean,0.981138777197077,1
YouTube-real__00230__35a17f52,real,train,nan,YouTube-real,76,mean,0.9974287677752344,1
YouTube-real__00231__580f5e23,real,train,nan,YouTube-real,80,mean,0.22835750742815436,0
YouTube-real__00232__b34c4a44,real,train,nan,YouTube-real,79,mean,0.9125193640401091,1
YouTube-real__00233__3d23bf8d,real,train,nan,YouTube-real,78,mean,0.6718082359323326,1
YouTube-real__00235__08165908,real,train,nan,YouTube-real,83,mean,0.5144127430282084,1
YouTube-real__00236__c5c3da48,real,val,nan,YouTube-real,78,mean,0.9001401338057641,1
YouTube-real__00237__aaeb197a,real,test,nan,YouTube-real,76,mean,0.15619350404870747,0
YouTube-real__00238__559c7888,real,val,nan,YouTube-real,71,mean,0.15679714293547078,0
YouTube-real__00239__1cbd5fb4,real,train,nan,YouTube-real,83,mean,0.9985136368188513,1
YouTube-real__00240__656faf6d,real,test,nan,YouTube-real,79,mean,0.7840968493985224,1
YouTube-real__00241__65558a5a,real,test,nan,YouTube-real,75,mean,0.9746535619099935,1
YouTube-real__00242__81fa9322,real,train,nan,YouTube-real,74,mean,0.9545533173793072,1
YouTube-real__00244__68f8105b,real,train,nan,YouTube-real,49,mean,0.5396496067583865,1
YouTube-real__00245__fb7f3aeb,real,train,nan,YouTube-real,78,mean,0.6708541101274582,1
YouTube-real__00246__bc0e9215,real,train,nan,YouTube-real,76,mean,0.5288910091805615,1
YouTube-real__00247__bafef148,real,train,nan,YouTube-real,78,mean,0.9739437722242795,1
YouTube-real__00249__6229394d,real,train,nan,YouTube-real,87,mean,0.9631387087805517,1
YouTube-real__00253__3e62ae98,real,train,nan,YouTube-real,44,mean,0.9692404419183731,1
YouTube-real__00254__fb953dce,real,train,nan,YouTube-real,78,mean,0.9988358891927279,1
YouTube-real__00255__e1eeab9f,real,test,nan,YouTube-real,53,mean,0.2871324569162614,0
YouTube-real__00257__8805be53,real,train,nan,YouTube-real,54,mean,0.9987938238514794,1
YouTube-real__00258__bd14c027,real,val,nan,YouTube-real,77,mean,0.9910978109805615,1
YouTube-real__00259__d5183b8c,real,val,nan,YouTube-real,54,mean,0.633962948979051,1
YouTube-real__00260__c283544b,real,train,nan,YouTube-real,53,mean,0.9982241549581852,1
YouTube-real__00261__10d485b1,real,val,nan,YouTube-real,54,mean,0.9974164576442154,1
YouTube-real__00263__06a11c4b,real,train,nan,YouTube-real,55,mean,0.9128355232152072,1
YouTube-real__00264__742b463d,real,test,nan,YouTube-real,53,mean,0.938381129278327,1
YouTube-real__00266__dcaa5381,real,train,nan,YouTube-real,55,mean,0.5981522725725715,1
YouTube-real__00269__8f759e63,real,test,nan,YouTube-real,53,mean,0.7111451633028546,1
YouTube-real__00271__913c0e25,real,train,nan,YouTube-real,49,mean,0.8159275358276707,1
YouTube-real__00273__605ccac8,real,train,nan,YouTube-real,54,mean,0.9987207132357138,1
YouTube-real__00274__31f29b02,real,train,nan,YouTube-real,77,mean,0.8782503654720721,1
YouTube-real__00275__c58c1091,real,train,nan,YouTube-real,77,mean,0.7450865095469181,1
YouTube-real__00276__9a515823,real,val,nan,YouTube-real,77,mean,0.3124732543387777,0
YouTube-real__00277__3ea46f7a,real,val,nan,YouTube-real,78,mean,0.9163702216285926,1
YouTube-real__00279__02025645,real,train,nan,YouTube-real,76,mean,0.8936316339593184,1
YouTube-real__00280__754b5085,real,train,nan,YouTube-real,65,mean,0.7626831156703142,1
YouTube-real__00284__789c2f97,real,train,nan,YouTube-real,78,mean,0.4466307609556959,0
YouTube-real__00285__52a37262,real,train,nan,YouTube-real,75,mean,0.9547736930847168,1
YouTube-real__00286__8f69328e,real,test,nan,YouTube-real,77,mean,0.959089910829222,1
YouTube-real__00287__fc4b8832,real,train,nan,YouTube-real,78,mean,0.9925081974420792,1
YouTube-real__00288__f999c0a9,real,train,nan,YouTube-real,79,mean,0.881083885137039,1
YouTube-real__00289__c94c693d,real,train,nan,YouTube-real,53,mean,0.5181652846711002,1
YouTube-real__00290__7ac8edda,real,train,nan,YouTube-real,77,mean,0.9935591166669672,1
YouTube-real__00291__3b395670,real,train,nan,YouTube-real,77,mean,0.9829263985157013,1
YouTube-real__00293__e8dac697,real,train,nan,YouTube-real,71,mean,0.967915844749397,1
YouTube-real__00294__a3f90dd1,real,train,nan,YouTube-real,84,mean,0.9200998335367158,1
YouTube-real__00295__62c37f3f,real,train,nan,YouTube-real,76,mean,0.992365366534183,1
YouTube-real__00297__5ed0e455,real,train,nan,YouTube-real,75,mean,0.9991747172673543,1
YouTube-real__00298__642f40c0,real,val,nan,YouTube-real,77,mean,0.7319343263319658,1
YouTube-real__00299__34b4d680,real,train,nan,YouTube-real,78,mean,0.777604488369364,1
