video_id,label,split,manipulation_family,detector_score,n_frames,detector_pred,y,video_score_mode
Celeb-real__id0_0002__9e73ac85,real,val,,0.07066552033174336,59,0,0,ucf_mean
Celeb-real__id0_0005__c45f0938,real,val,,0.5943425493193911,77,1,0,ucf_mean
Celeb-real__id0_0007__4f22f911,real,val,,0.42587471576407554,80,0,0,ucf_mean
Celeb-real__id10_0000__9273e8bc,real,test,,0.4369011282920837,40,0,0,ucf_mean
Celeb-real__id10_0002__6a16be4b,real,test,,0.6458040484123759,54,1,0,ucf_mean
Celeb-real__id10_0004__2f2a56d2,real,test,,0.5503807509339403,87,1,0,ucf_mean
Celeb-real__id10_0006__556711a5,real,test,,0.5968211449820686,27,1,0,ucf_mean
Celeb-real__id10_0007__841eee79,real,test,,0.5256844120750944,83,1,0,ucf_mean
Celeb-real__id10_0009__00911e7c,real,test,,0.5933406453993585,90,1,0,ucf_mean
Celeb-real__id11_0001__5a90326e,real,train,,0.501146247358741,74,1,0,ucf_mean
Celeb-real__id11_0003__52787b89,real,train,,0.5116979368733909,53,1,0,ucf_mean
Celeb-real__id11_0007__e727fe81,real,train,,0.583808723975111,54,1,0,ucf_mean
Celeb-real__id12_0001__49a98782,real,train,,0.7189648170302163,67,1,0,ucf_mean
Celeb-real__id12_0006__637d998d,real,train,,0.6721001538233116,52,1,0,ucf_mean
Celeb-real__id13_0008__0323fc47,real,train,,0.31430762599815015,77,0,0,ucf_mean
Celeb-real__id13_0011__dee78c96,real,train,,0.6699383872059675,78,1,0,ucf_mean
Celeb-real__id13_0012__14e6d503,real,train,,0.26922855850528266,85,0,0,ucf_mean
Celeb-real__id13_0014__ef3369c4,real,train,,0.7104898821849089,65,1,0,ucf_mean
Celeb-real__id16_0001__6c969226,real,train,,0.32868224670583346,53,0,0,ucf_mean
Celeb-real__id16_0002__b8fb1d0e,real,train,,0.3649904351742541,61,0,0,ucf_mean
Celeb-real__id16_0004__f6ba18ad,real,train,,0.3541119176678467,69,0,0,ucf_mean
Celeb-real__id16_0006__ab3169fd,real,train,,0.561927925207113,38,1,0,ucf_mean
Celeb-real__id16_0012__e75472a5,real,train,,0.39309258271868414,52,0,0,ucf_mean
Celeb-real__id16_0013__2d0c3b72,real,train,,0.38576945139525026,52,0,0,ucf_mean
Celeb-real__id17_0000__0521aab4,real,train,,0.7744180326368294,51,1,0,ucf_mean
Celeb-real__id17_0001__a0719102,real,train,,0.6696469303009644,53,1,0,ucf_mean
Celeb-real__id17_0002__d232e7d9,real,train,,0.7628450830067907,56,1,0,ucf_mean
Celeb-real__id17_0004__8604701a,real,train,,0.5141085267213046,51,1,0,ucf_mean
Celeb-real__id17_0005__bae771c0,real,train,,0.44141251464875847,52,0,0,ucf_mean
Celeb-real__id17_0006__abf1d2f4,real,train,,0.4393218593562351,34,0,0,ucf_mean
Celeb-real__id17_0007__edded8c0,real,train,,0.6377571351502253,46,1,0,ucf_mean
Celeb-real__id17_0009__3a95f883,real,train,,0.7019431573152543,50,1,0,ucf_mean
Celeb-real__id19_0000__795a8811,real,test,,0.0719479841518808,55,0,0,ucf_mean
Celeb-real__id19_0002__b05d205e,real,test,,0.7209046284357706,54,1,0,ucf_mean
Celeb-real__id19_0003__02a18478,real,test,,0.8159161309401194,57,1,0,ucf_mean
Celeb-real__id19_0007__a1e0f6a6,real,test,,0.2218224148520014,55,0,0,ucf_mean
Celeb-real__id1_0008__b5428fba,real,test,,0.06808542561364066,87,0,0,ucf_mean
Celeb-real__id20_0001__5e2f4954,real,train,,0.44377636807221993,51,0,0,ucf_mean
Celeb-real__id20_0006__98781964,real,train,,0.5980312626470219,55,1,0,ucf_mean
Celeb-real__id20_0009__f207e1ab,real,train,,0.45487165584095884,56,0,0,ucf_mean
Celeb-real__id21_0004__b521a825,real,train,,0.1300004475112808,38,0,0,ucf_mean
Celeb-real__id21_0006__c1f0a997,real,train,,0.48403754495084284,60,0,0,ucf_mean
Celeb-real__id21_0009__9d9be594,real,train,,0.6378129517866505,54,1,0,ucf_mean
Celeb-real__id22_0000__8dfd7fca,real,test,,0.4915010915959583,34,0,0,ucf_mean
Celeb-real__id22_0001__87f936ab,real,test,,0.349359645973891,52,0,0,ucf_mean
Celeb-real__id22_0002__0a374460,real,test,,0.348611432282875,48,0,0,ucf_mean
Celeb-real__id22_0004__b044e515,real,test,,0.2212832304111753,52,0,0,ucf_mean
Celeb-real__id22_0009__54037f2f,real,test,,0.29328132051575395,56,0,0,ucf_mean
Celeb-real__id23_0002__ace021ef,real,test,,0.3560669459402561,54,0,0,ucf_mean
Celeb-real__id23_0003__a72d5360,real,test,,0.09872222087916825,31,0,0,ucf_mean
Celeb-real__id23_0008__8895b8e9,real,test,,0.5831825698797519,52,1,0,ucf_mean
Celeb-real__id24_0001__7b89a9c5,real,test,,0.1835373937732206,53,0,0,ucf_mean
Celeb-real__id24_0003__a477989b,real,test,,0.8066634513713695,54,1,0,ucf_mean
Celeb-real__id24_0004__319940dc,real,test,,0.6896239927521458,54,1,0,ucf_mean
Celeb-real__id25_0009__c9831009,real,train,,0.35469539604097045,53,0,0,ucf_mean
Celeb-real__id26_0002__03f51103,real,train,,0.7764802983513585,54,1,0,ucf_mean
Celeb-real__id26_0004__4d0db3c5,real,train,,0.23742676024340975,59,0,0,ucf_mean
Celeb-real__id26_0007__9c43457d,real,train,,0.8395916537234658,57,1,0,ucf_mean
Celeb-real__id27_0001__85fc2d28,real,train,,0.856986291706562,48,1,0,ucf_mean
Celeb-real__id27_0004__62c43eac,real,train,,0.7798750179891403,52,1,0,ucf_mean
Celeb-real__id27_0005__b30d796c,real,train,,0.8374620676040649,1,1,0,ucf_mean
Celeb-real__id27_0006__a9948cc9,real,train,,0.6658182883262634,50,1,0,ucf_mean
Celeb-real__id27_0008__200b2d83,real,train,,0.7597436702677182,56,1,0,ucf_mean
Celeb-real__id28_0002__b550bd30,real,train,,0.5467633943145092,52,1,0,ucf_mean
Celeb-real__id28_0004__b60ae3e1,real,train,,0.7817109645559237,52,1,0,ucf_mean
Celeb-real__id29_0001__3bda14e5,real,val,,0.4010943341283844,52,0,0,ucf_mean
Celeb-real__id29_0004__1dcec6a3,real,val,,0.5048769290452121,61,1,0,ucf_mean
Celeb-real__id29_0008__ddbaff8c,real,val,,0.3368334246675173,75,0,0,ucf_mean
Celeb-real__id2_0000__54f346da,real,train,,0.6753735347588857,75,1,0,ucf_mean
Celeb-real__id2_0001__321e47a9,real,train,,0.9259978911233326,63,1,0,ucf_mean
Celeb-real__id2_0005__15f721cc,real,train,,0.3394582480765306,52,0,0,ucf_mean
Celeb-real__id2_0006__329cd2a4,real,train,,0.8777155163697898,64,1,0,ucf_mean
Celeb-real__id2_0007__f4507907,real,train,,0.06923106514341842,79,0,0,ucf_mean
Celeb-real__id2_0008__abe8c5ce,real,train,,0.25257048839270024,86,0,0,ucf_mean
Celeb-real__id30_0000__6120ebff,real,train,,0.6008334296445051,84,1,0,ucf_mean
Celeb-real__id30_0003__b0860b45,real,train,,0.3387279758064807,79,0,0,ucf_mean
Celeb-real__id30_0004__2b700a4e,real,train,,0.7276284031789092,68,1,0,ucf_mean
Celeb-real__id30_0005__d961a547,real,train,,0.5537854131062826,75,1,0,ucf_mean
Celeb-real__id30_0007__e61c37fd,real,train,,0.5282871489854235,76,1,0,ucf_mean
Celeb-real__id30_0008__3e5c34d3,real,train,,0.2920710900237402,83,0,0,ucf_mean
Celeb-real__id31_0000__9d06c28e,real,val,,0.6260182360108469,71,1,0,ucf_mean
Celeb-real__id31_0001__152f0b5f,real,val,,0.6027628010319125,62,1,0,ucf_mean
Celeb-real__id31_0002__3d64dd16,real,val,,0.7135029111379458,81,1,0,ucf_mean
Celeb-real__id31_0004__fd89952f,real,val,,0.6182019718182392,78,1,0,ucf_mean
Celeb-real__id31_0005__70909ac5,real,val,,0.49207299076399563,59,0,0,ucf_mean
Celeb-real__id31_0007__af681d95,real,val,,0.7145573429175114,76,1,0,ucf_mean
Celeb-real__id31_0009__69e62bbe,real,val,,0.48434775741770864,80,0,0,ucf_mean
Celeb-real__id32_0000__db87de7a,real,train,,0.2935921835908016,86,0,0,ucf_mean
Celeb-real__id32_0002__3a231191,real,train,,0.8129130871181028,83,1,0,ucf_mean
Celeb-real__id32_0004__d8bdaf4c,real,train,,0.0791174556038135,72,0,0,ucf_mean
Celeb-real__id32_0005__021bfb27,real,train,,0.10509868365867679,72,0,0,ucf_mean
Celeb-real__id32_0006__7ae0b544,real,train,,0.5574187256682378,78,1,0,ucf_mean
Celeb-real__id33_0000__e5fe8932,real,train,,0.5294624858510655,74,1,0,ucf_mean
Celeb-real__id33_0003__933ba904,real,train,,0.5827657445901777,82,1,0,ucf_mean
Celeb-real__id33_0004__3f0b0eb2,real,train,,0.5532797427581889,70,1,0,ucf_mean
Celeb-real__id34_0003__183925b6,real,train,,0.6188820413116253,66,1,0,ucf_mean
Celeb-real__id34_0004__7db04b4e,real,train,,0.31057583337909056,79,0,0,ucf_mean
Celeb-real__id34_0009__cd230554,real,train,,0.331283348026099,81,0,0,ucf_mean
Celeb-real__id35_0002__fd247f10,real,train,,0.4023117534816265,64,0,0,ucf_mean
Celeb-real__id35_0003__0f298638,real,train,,0.6832390161917398,76,1,0,ucf_mean
Celeb-real__id35_0004__7feab975,real,train,,0.7677214547645214,43,1,0,ucf_mean
Celeb-real__id36_0002__4ee65740,real,train,,0.5577481294933119,76,1,0,ucf_mean
Celeb-real__id37_0000__a1988105,real,train,,0.2550894832903785,84,0,0,ucf_mean
Celeb-real__id37_0003__a8a97d1d,real,train,,0.6093370679576519,59,1,0,ucf_mean
Celeb-real__id37_0004__0ec64f6f,real,train,,0.2297381908602772,62,0,0,ucf_mean
Celeb-real__id37_0008__7244b78f,real,train,,0.3352965141336123,81,0,0,ucf_mean
Celeb-real__id38_0001__1d13fa2e,real,train,,0.6235588240352544,44,1,0,ucf_mean
Celeb-real__id38_0004__56b58de3,real,train,,0.6875262742305731,77,1,0,ucf_mean
Celeb-real__id38_0006__cb3dde26,real,train,,0.7141483326752981,78,1,0,ucf_mean
Celeb-real__id38_0007__aa2d5b38,real,train,,0.6926213312698039,76,1,0,ucf_mean
Celeb-real__id38_0009__995f2d62,real,train,,0.6062941330542065,98,1,0,ucf_mean
Celeb-real__id39_0002__8d39e660,real,train,,0.6509308866583384,52,1,0,ucf_mean
Celeb-real__id39_0004__33c35a06,real,train,,0.4534454892607445,47,0,0,ucf_mean
Celeb-real__id39_0007__d3f57761,real,train,,0.6419782848762614,56,1,0,ucf_mean
Celeb-real__id3_0001__9ceb5ffd,real,train,,0.426187579811085,64,0,0,ucf_mean
Celeb-real__id3_0002__761ecc87,real,train,,0.17325447794670856,72,0,0,ucf_mean
Celeb-real__id3_0005__7f0fa90a,real,train,,0.30035229805690133,67,0,0,ucf_mean
Celeb-real__id40_0006__32ec46ab,real,train,,0.6249165293180717,53,1,0,ucf_mean
Celeb-real__id40_0009__468be181,real,train,,0.8938635947569361,53,1,0,ucf_mean
Celeb-real__id41_0003__9cf548e2,real,test,,0.7389610207506588,56,1,0,ucf_mean
Celeb-real__id41_0006__b2c84306,real,test,,0.5032835132959816,54,1,0,ucf_mean
Celeb-real__id41_0007__0653214a,real,test,,0.7359661435974496,56,1,0,ucf_mean
Celeb-real__id41_0009__7853942d,real,test,,0.5118647422290074,53,1,0,ucf_mean
Celeb-real__id42_0000__6168cba3,real,train,,0.6741188425442268,58,1,0,ucf_mean
Celeb-real__id42_0002__14b1cf34,real,train,,0.7151580593495999,53,1,0,ucf_mean
Celeb-real__id43_0001__fd0241c3,real,val,,0.740472177403015,57,1,0,ucf_mean
Celeb-real__id43_0005__5d8ad40e,real,val,,0.44351690428863677,56,0,0,ucf_mean
Celeb-real__id43_0006__33432f36,real,val,,0.5592614301928768,54,1,0,ucf_mean
Celeb-real__id43_0007__b72c39d0,real,val,,0.3088664971643461,53,0,0,ucf_mean
Celeb-real__id44_0000__e7d85637,real,test,,0.8437846852283851,51,1,0,ucf_mean
Celeb-real__id44_0004__d999d2a1,real,test,,0.5718372766194599,56,1,0,ucf_mean
Celeb-real__id44_0005__9170560b,real,test,,0.7168337537774018,56,1,0,ucf_mean
Celeb-real__id45_0001__9265e652,real,train,,0.805616612351218,43,1,0,ucf_mean
Celeb-real__id45_0003__7a35f091,real,train,,0.8804720044136047,53,1,0,ucf_mean
Celeb-real__id46_0000__93f42a4a,real,train,,0.8677194342017174,56,1,0,ucf_mean
Celeb-real__id46_0006__27fde28d,real,train,,0.561502654304994,56,1,0,ucf_mean
Celeb-real__id46_0008__e5716b99,real,train,,0.3768300393309731,52,0,0,ucf_mean
Celeb-real__id47_0002__d0fe7065,real,train,,0.4339255193869273,54,0,0,ucf_mean
Celeb-real__id47_0004__63eceb5b,real,train,,0.7912606743146788,53,1,0,ucf_mean
Celeb-real__id47_0009__f48e6b0c,real,train,,0.7927197683275792,57,1,0,ucf_mean
Celeb-real__id48_0000__ec9dda45,real,train,,0.6056138839115176,57,1,0,ucf_mean
Celeb-real__id48_0001__5275fefb,real,train,,0.48996120848907876,52,0,0,ucf_mean
Celeb-real__id48_0005__ca92396c,real,train,,0.46587969628827913,56,0,0,ucf_mean
Celeb-real__id48_0007__33f7ab98,real,train,,0.7823917450858098,51,1,0,ucf_mean
Celeb-real__id49_0000__fad2ccc4,real,val,,0.6487920319146299,47,1,0,ucf_mean
Celeb-real__id49_0007__fb27a934,real,val,,0.6289285902166739,64,1,0,ucf_mean
Celeb-real__id49_0008__b1de1618,real,val,,0.8225605407586465,52,1,0,ucf_mean
Celeb-real__id4_0004__f056bf39,real,train,,0.5894936340785509,74,1,0,ucf_mean
Celeb-real__id50_0002__47f9542c,real,test,,0.7269971779523752,78,1,0,ucf_mean
Celeb-real__id50_0004__81ceaea0,real,test,,0.8477353038667124,79,1,0,ucf_mean
Celeb-real__id50_0005__3870d23c,real,test,,0.6846757371251176,82,1,0,ucf_mean
Celeb-real__id51_0005__36e6d89e,real,train,,0.8468202156946063,64,1,0,ucf_mean
Celeb-real__id51_0007__1ca2bba4,real,train,,0.8113308906555176,75,1,0,ucf_mean
Celeb-real__id52_0003__d335faab,real,test,,0.7850860571249937,78,1,0,ucf_mean
Celeb-real__id53_0003__0ef9b575,real,train,,0.7134513095775737,79,1,0,ucf_mean
Celeb-real__id53_0004__fef1cbd0,real,train,,0.31769582387059925,80,0,0,ucf_mean
Celeb-real__id53_0009__c8433547,real,train,,0.818408810778668,76,1,0,ucf_mean
Celeb-real__id54_0001__342a1698,real,test,,0.8443401302258993,97,1,0,ucf_mean
Celeb-real__id54_0002__c9b3819e,real,test,,0.855526381333669,75,1,0,ucf_mean
Celeb-real__id54_0004__3e0ab6d0,real,test,,0.6639902211097349,83,1,0,ucf_mean
Celeb-real__id55_0000__9e5c7685,real,train,,0.6823037201166153,75,1,0,ucf_mean
Celeb-real__id55_0005__d9a183f5,real,train,,0.7363644570876391,78,1,0,ucf_mean
Celeb-real__id56_0003__06f01a30,real,train,,0.3743849422285954,75,0,0,ucf_mean
Celeb-real__id56_0006__6cc25ad3,real,train,,0.7940471576319801,45,1,0,ucf_mean
Celeb-real__id57_0005__49d621d2,real,train,,0.16041157934337086,78,0,0,ucf_mean
Celeb-real__id57_0007__4449523b,real,train,,0.5910776174954466,74,1,0,ucf_mean
Celeb-real__id57_0008__373f6113,real,train,,0.4154396964433162,76,0,0,ucf_mean
Celeb-real__id57_0009__d229d131,real,train,,0.7186770693265966,56,1,0,ucf_mean
Celeb-real__id58_0000__36c33935,real,train,,0.42888701682289443,75,0,0,ucf_mean
Celeb-real__id58_0001__42cd9f6d,real,train,,0.5307232752055316,77,1,0,ucf_mean
Celeb-real__id58_0005__438712ba,real,train,,0.7010687291622162,77,1,0,ucf_mean
Celeb-real__id58_0006__b46dcb57,real,train,,0.4923525102339782,77,0,0,ucf_mean
Celeb-real__id58_0009__90542e80,real,train,,0.7043400851885477,75,1,0,ucf_mean
Celeb-real__id59_0002__b5acbbb0,real,train,,0.146735250018537,84,0,0,ucf_mean
Celeb-real__id59_0004__f661bba5,real,train,,0.5882658772170544,64,1,0,ucf_mean
Celeb-real__id59_0006__6eb31efc,real,train,,0.5885629368325075,78,1,0,ucf_mean
Celeb-real__id59_0008__fca27ab6,real,train,,0.7742604036361743,78,1,0,ucf_mean
Celeb-real__id5_0001__7446e574,real,val,,0.26404018243192695,64,0,0,ucf_mean
Celeb-real__id5_0004__a29baf56,real,val,,0.34236653753323476,80,0,0,ucf_mean
Celeb-real__id5_0008__f6f26281,real,val,,0.15611685750701898,98,0,0,ucf_mean
Celeb-real__id60_0001__98a7ca86,real,train,,0.466433039445379,73,0,0,ucf_mean
Celeb-real__id60_0004__472077b3,real,train,,0.35525415906751595,54,0,0,ucf_mean
Celeb-real__id60_0009__652454a4,real,train,,0.7676899108705642,79,1,0,ucf_mean
Celeb-real__id61_0000__5c3a670b,real,train,,0.2123014105217797,70,0,0,ucf_mean
Celeb-real__id61_0005__3acd5f88,real,train,,0.36198265339756747,97,0,0,ucf_mean
Celeb-real__id6_0001__fa5a90f3,real,train,,0.7832981429442212,54,1,0,ucf_mean
Celeb-real__id6_0003__3513f89b,real,train,,0.8824186286618633,62,1,0,ucf_mean
Celeb-real__id6_0005__fb4ae1c2,real,train,,0.8006793356710865,62,1,0,ucf_mean
Celeb-real__id6_0006__b6efd1d7,real,train,,0.5652262364723244,49,1,0,ucf_mean
Celeb-real__id7_0001__a2b1f25f,real,train,,0.7721397739648819,50,1,0,ucf_mean
Celeb-real__id7_0003__beacd82a,real,train,,0.19265100093538398,93,0,0,ucf_mean
Celeb-real__id7_0006__2eb27407,real,train,,0.6807310804724693,36,1,0,ucf_mean
Celeb-real__id7_0009__c7cc4b85,real,train,,0.632162398428886,77,1,0,ucf_mean
Celeb-real__id8_0000__bed3475b,real,test,,0.1943517830688506,80,0,0,ucf_mean
Celeb-real__id8_0006__adb013b8,real,test,,0.115345110012175,86,0,0,ucf_mean
Celeb-real__id8_0007__b443b21d,real,test,,0.9152514145924495,65,1,0,ucf_mean
Celeb-real__id9_0001__a769b7b1,real,train,,0.2475870258927549,73,0,0,ucf_mean
Celeb-real__id9_0002__cd66e846,real,train,,0.48610651303754476,61,0,0,ucf_mean
Celeb-real__id9_0004__eb2b28d8,real,train,,0.25104676196198966,61,0,0,ucf_mean
Celeb-real__id9_0006__70777999,real,train,,0.6616445299404771,67,1,0,ucf_mean
Celeb-synthesis__FaceReenact__DaGAN__id10_id11_0006__3712bab8,fake,test,FaceReenact,0.7184194346268972,45,1,1,ucf_mean
Celeb-synthesis__FaceReenact__DaGAN__id25_id26_0004__752c9c57,fake,train,FaceReenact,0.9635937001023974,14,1,1,ucf_mean
Celeb-synthesis__FaceReenact__DaGAN__id26_id29_0009__24aed516,fake,train,FaceReenact,0.9108651714665549,35,1,1,ucf_mean
Celeb-synthesis__FaceReenact__DaGAN__id2_id26_0008__7db22133,fake,train,FaceReenact,0.7830371983123549,33,1,1,ucf_mean
Celeb-synthesis__FaceReenact__DaGAN__id30_id33_0004__0fef6d27,fake,train,FaceReenact,0.5530388398894241,70,1,1,ucf_mean
Celeb-synthesis__FaceReenact__DaGAN__id33_id29_0004__7682830d,fake,train,FaceReenact,0.7705009120409606,61,1,1,ucf_mean
Celeb-synthesis__FaceReenact__DaGAN__id35_id2_0002__954f1b34,fake,train,FaceReenact,0.798727976779143,60,1,1,ucf_mean
Celeb-synthesis__FaceReenact__DaGAN__id35_id31_0003__9d413782,fake,train,FaceReenact,0.9259265422821045,75,1,1,ucf_mean
Celeb-synthesis__FaceReenact__DaGAN__id39_id42_0004__a7828426,fake,train,FaceReenact,0.43310160040855405,5,0,1,ucf_mean
Celeb-synthesis__FaceReenact__DaGAN__id39_id46_0000__c4b821a1,fake,train,FaceReenact,0.6423583830497703,49,1,1,ucf_mean
Celeb-synthesis__FaceReenact__DaGAN__id45_id42_0003__02096aab,fake,train,FaceReenact,0.8584720090679501,46,1,1,ucf_mean
Celeb-synthesis__FaceReenact__DaGAN__id45_id43_0007__37aa7ea0,fake,train,FaceReenact,0.669690409102119,52,1,1,ucf_mean
Celeb-synthesis__FaceReenact__DaGAN__id47_id48_0003__317ed9a4,fake,train,FaceReenact,0.3457399243156293,56,0,1,ucf_mean
Celeb-synthesis__FaceReenact__DaGAN__id4_id30_0000__e5f244df,fake,train,FaceReenact,0.8596108872839745,47,1,1,ucf_mean
Celeb-synthesis__FaceReenact__DaGAN__id4_id35_0003__6c161c5c,fake,train,FaceReenact,0.47859804596947997,76,0,1,ucf_mean
Celeb-synthesis__FaceReenact__DaGAN__id52_id49_0006__6d570d42,fake,test,FaceReenact,0.9054083090137552,54,1,1,ucf_mean
Celeb-synthesis__FaceReenact__DaGAN__id54_id52_0005__a1af17ca,fake,test,FaceReenact,0.8241232633590698,14,1,1,ucf_mean
Celeb-synthesis__FaceReenact__DaGAN__id60_id5_0001__0b9da620,fake,train,FaceReenact,0.6080456427298486,64,1,1,ucf_mean
Celeb-synthesis__FaceReenact__DaGAN__id7_id11_0001__94842ed0,fake,train,FaceReenact,0.9737467602507709,73,1,1,ucf_mean
Celeb-synthesis__FaceReenact__FSRT__id0_id26_0001__3573a8ce,fake,val,FaceReenact,0.8742661024842944,35,1,1,ucf_mean
Celeb-synthesis__FaceReenact__FSRT__id0_id28_0009__d2827330,fake,val,FaceReenact,0.8680275833032217,83,1,1,ucf_mean
Celeb-synthesis__FaceReenact__FSRT__id17_id0_0003__75dcb963,fake,train,FaceReenact,0.8264932377320348,132,1,1,ucf_mean
Celeb-synthesis__FaceReenact__FSRT__id17_id16_0006__978b075e,fake,train,FaceReenact,0.9227744479264531,56,1,1,ucf_mean
Celeb-synthesis__FaceReenact__FSRT__id23_id31_0002__4e62bc1c,fake,test,FaceReenact,0.7963857372437627,121,1,1,ucf_mean
Celeb-synthesis__FaceReenact__FSRT__id25_id26_0004__12d93b6b,fake,train,FaceReenact,0.9008197970688343,32,1,1,ucf_mean
Celeb-synthesis__FaceReenact__FSRT__id29_id26_0003__632a645f,fake,val,FaceReenact,0.7793196439743042,8,1,1,ucf_mean
Celeb-synthesis__FaceReenact__FSRT__id31_id29_0000__54a64076,fake,val,FaceReenact,0.9123812512211178,92,1,1,ucf_mean
Celeb-synthesis__FaceReenact__FSRT__id31_id33_0009__4c61856d,fake,val,FaceReenact,0.7241681508327785,38,1,1,ucf_mean
Celeb-synthesis__FaceReenact__FSRT__id35_id30_0003__e8262f62,fake,train,FaceReenact,0.9516865935014642,46,1,1,ucf_mean
Celeb-synthesis__FaceReenact__FSRT__id37_id32_0004__845efdbf,fake,train,FaceReenact,0.33817919951245606,107,0,1,ucf_mean
Celeb-synthesis__FaceReenact__FSRT__id37_id34_0003__b354740c,fake,train,FaceReenact,0.8192191101949323,44,1,1,ucf_mean
Celeb-synthesis__FaceReenact__FSRT__id37_id35_0007__a7eb7a78,fake,train,FaceReenact,0.8066289785504341,100,1,1,ucf_mean
Celeb-synthesis__FaceReenact__FSRT__id3_id37_0008__fa2d74cb,fake,train,FaceReenact,0.6403877832426512,121,1,1,ucf_mean
Celeb-synthesis__FaceReenact__FSRT__id43_id48_0001__84733427,fake,val,FaceReenact,0.904225672500721,69,1,1,ucf_mean
Celeb-synthesis__FaceReenact__FSRT__id50_id56_0007__1fcbdab6,fake,test,FaceReenact,0.9889305819164623,55,1,1,ucf_mean
Celeb-synthesis__FaceReenact__FSRT__id54_id56_0002__3a49963f,fake,test,FaceReenact,0.8646575120779184,91,1,1,ucf_mean
Celeb-synthesis__FaceReenact__FSRT__id9_id21_0001__c5b28789,fake,train,FaceReenact,0.8807146402578505,63,1,1,ucf_mean
Celeb-synthesis__FaceReenact__FSRT__id9_id31_0002__d6aa73f4,fake,train,FaceReenact,0.8154049022444363,58,1,1,ucf_mean
Celeb-synthesis__FaceReenact__HyperReenact__id19_id23_0009__210ba216,fake,test,FaceReenact,0.8609963172958011,21,1,1,ucf_mean
Celeb-synthesis__FaceReenact__HyperReenact__id20_id25_0000__049848e5,fake,train,FaceReenact,0.7205933914298103,21,1,1,ucf_mean
Celeb-synthesis__FaceReenact__HyperReenact__id20_id25_0002__937fed2b,fake,train,FaceReenact,0.9263445479529244,21,1,1,ucf_mean
Celeb-synthesis__FaceReenact__HyperReenact__id22_id23_0001__6311249c,fake,test,FaceReenact,0.6522159938301358,21,1,1,ucf_mean
Celeb-synthesis__FaceReenact__HyperReenact__id22_id25_0003__4a6800d3,fake,test,FaceReenact,0.7558854080381847,21,1,1,ucf_mean
Celeb-synthesis__FaceReenact__HyperReenact__id23_id30_0003__e075b4e5,fake,test,FaceReenact,0.30327607442935306,21,0,1,ucf_mean
Celeb-synthesis__FaceReenact__HyperReenact__id28_id29_0000__f1cf9676,fake,train,FaceReenact,0.7971530599253518,21,1,1,ucf_mean
Celeb-synthesis__FaceReenact__HyperReenact__id28_id31_0008__a9edd872,fake,train,FaceReenact,0.500784733997924,21,1,1,ucf_mean
Celeb-synthesis__FaceReenact__HyperReenact__id30_id29_0003__fc360a68,fake,train,FaceReenact,0.8249520262082418,21,1,1,ucf_mean
Celeb-synthesis__FaceReenact__HyperReenact__id31_id23_0000__219b842f,fake,val,FaceReenact,0.8724525031589326,21,1,1,ucf_mean
Celeb-synthesis__FaceReenact__HyperReenact__id31_id34_0002__5f102455,fake,val,FaceReenact,0.8841791521935236,21,1,1,ucf_mean
Celeb-synthesis__FaceReenact__HyperReenact__id32_id31_0008__1678a1bf,fake,train,FaceReenact,0.40246214256400153,21,0,1,ucf_mean
Celeb-synthesis__FaceReenact__HyperReenact__id32_id37_0005__bb52fb8b,fake,train,FaceReenact,0.3831607868806237,21,0,1,ucf_mean
Celeb-synthesis__FaceReenact__HyperReenact__id37_id38_0000__58851390,fake,train,FaceReenact,0.8867590257099697,21,1,1,ucf_mean
Celeb-synthesis__FaceReenact__HyperReenact__id45_id41_0005__fe7974d5,fake,train,FaceReenact,0.9269191338902428,21,1,1,ucf_mean
Celeb-synthesis__FaceReenact__HyperReenact__id4_id2_0004__d1a077c0,fake,train,FaceReenact,0.9560283649535406,21,1,1,ucf_mean
Celeb-synthesis__FaceReenact__HyperReenact__id50_id53_0004__6aa45385,fake,test,FaceReenact,0.814284934884026,21,1,1,ucf_mean
Celeb-synthesis__FaceReenact__HyperReenact__id51_id57_0000__65c5f5dd,fake,train,FaceReenact,0.8060157483532315,21,1,1,ucf_mean
Celeb-synthesis__FaceReenact__HyperReenact__id58_id55_0007__3de1c320,fake,train,FaceReenact,0.6013344256650834,21,1,1,ucf_mean
Celeb-synthesis__FaceReenact__LIA__id16_id1_0000__72abce34,fake,train,FaceReenact,0.9544392804630467,61,1,1,ucf_mean
Celeb-synthesis__FaceReenact__LIA__id19_id20_0007__f00570e7,fake,test,FaceReenact,0.8670831146063628,27,1,1,ucf_mean
Celeb-synthesis__FaceReenact__LIA__id19_id23_0004__128b77dc,fake,test,FaceReenact,0.4624031053649055,9,0,1,ucf_mean
Celeb-synthesis__FaceReenact__LIA__id1_id0_0009__bf3b87a6,fake,test,FaceReenact,0.6988555024499479,23,1,1,ucf_mean
Celeb-synthesis__FaceReenact__LIA__id1_id17_0006__8fc47d98,fake,test,FaceReenact,0.9047939479351044,34,1,1,ucf_mean
Celeb-synthesis__FaceReenact__LIA__id21_id19_0009__c57838b7,fake,train,FaceReenact,0.9415182609890782,43,1,1,ucf_mean
Celeb-synthesis__FaceReenact__LIA__id24_id19_0003__a6b7f02a,fake,test,FaceReenact,0.752366105192586,38,1,1,ucf_mean
Celeb-synthesis__FaceReenact__LIA__id26_id25_0008__cc2acd62,fake,train,FaceReenact,0.9256969094276428,2,1,1,ucf_mean
Celeb-synthesis__FaceReenact__LIA__id33_id23_0008__9b36ffcc,fake,train,FaceReenact,0.7433800221635745,52,1,1,ucf_mean
Celeb-synthesis__FaceReenact__LIA__id37_id30_0006__1f21bab0,fake,train,FaceReenact,0.8131807148456573,4,1,1,ucf_mean
Celeb-synthesis__FaceReenact__LIA__id37_id3_0002__1980f13d,fake,train,FaceReenact,0.6783184911020927,72,1,1,ucf_mean
Celeb-synthesis__FaceReenact__LIA__id45_id42_0004__3cfc49a9,fake,train,FaceReenact,0.9445317720962783,59,1,1,ucf_mean
Celeb-synthesis__FaceReenact__LIA__id47_id41_0001__675b4aa1,fake,train,FaceReenact,0.9289416331870883,51,1,1,ucf_mean
Celeb-synthesis__FaceReenact__LIA__id48_id46_0005__6059abc8,fake,train,FaceReenact,0.7291780658390211,23,1,1,ucf_mean
Celeb-synthesis__FaceReenact__LIA__id4_id20_0002__48cda071,fake,train,FaceReenact,0.934613979998089,21,1,1,ucf_mean
Celeb-synthesis__FaceReenact__LIA__id53_id54_0000__1524173c,fake,train,FaceReenact,0.9840851537883282,64,1,1,ucf_mean
Celeb-synthesis__FaceReenact__LIA__id57_id58_0002__84f449e3,fake,train,FaceReenact,0.9491473642679361,78,1,1,ucf_mean
Celeb-synthesis__FaceReenact__LIA__id61_id59_0002__c790fdd0,fake,train,FaceReenact,0.6250463340963636,28,1,1,ucf_mean
Celeb-synthesis__FaceReenact__LIA__id9_id4_0000__a11b6c51,fake,train,FaceReenact,0.8886026465425304,51,1,1,ucf_mean
Celeb-synthesis__FaceReenact__LivePortrait__id10_id13_0008__6efc05f1,fake,test,FaceReenact,0.9324108726018435,77,1,1,ucf_mean
Celeb-synthesis__FaceReenact__LivePortrait__id17_id1_0000__cd456b21,fake,train,FaceReenact,0.7963317525191386,61,1,1,ucf_mean
Celeb-synthesis__FaceReenact__LivePortrait__id17_id3_0006__270800bb,fake,train,FaceReenact,0.5470850059519643,69,1,1,ucf_mean
Celeb-synthesis__FaceReenact__LivePortrait__id19_id21_0007__427ee4ef,fake,test,FaceReenact,0.5993051997754933,53,1,1,ucf_mean
Celeb-synthesis__FaceReenact__LivePortrait__id19_id26_0006__4517e423,fake,test,FaceReenact,0.7767290570414983,52,1,1,ucf_mean
Celeb-synthesis__FaceReenact__LivePortrait__id1_id9_0006__392823df,fake,test,FaceReenact,0.6193190808616468,67,1,1,ucf_mean
Celeb-synthesis__FaceReenact__LivePortrait__id20_id24_0005__01977817,fake,train,FaceReenact,0.5991086060540718,57,1,1,ucf_mean
Celeb-synthesis__FaceReenact__LivePortrait__id20_id29_0000__4d58636d,fake,train,FaceReenact,0.7922732374734349,72,1,1,ucf_mean
Celeb-synthesis__FaceReenact__LivePortrait__id28_id32_0002__3c4dde03,fake,train,FaceReenact,0.5099035160369184,83,1,1,ucf_mean
Celeb-synthesis__FaceReenact__LivePortrait__id32_id23_0002__2f2d89a9,fake,train,FaceReenact,0.8865070707268186,54,1,1,ucf_mean
Celeb-synthesis__FaceReenact__LivePortrait__id32_id30_0003__e4e378ea,fake,train,FaceReenact,0.4944750049823447,79,0,1,ucf_mean
Celeb-synthesis__FaceReenact__LivePortrait__id35_id9_0007__2b002193,fake,train,FaceReenact,0.7988372358836626,76,1,1,ucf_mean
Celeb-synthesis__FaceReenact__LivePortrait__id37_id17_0007__38f66beb,fake,train,FaceReenact,0.6019599735736847,46,1,1,ucf_mean
Celeb-synthesis__FaceReenact__LivePortrait__id38_id26_0007__5d32e7a3,fake,train,FaceReenact,0.8254957533719247,57,1,1,ucf_mean
Celeb-synthesis__FaceReenact__LivePortrait__id40_id43_0005__289e22a3,fake,train,FaceReenact,0.8346594944596291,56,1,1,ucf_mean
Celeb-synthesis__FaceReenact__LivePortrait__id46_id39_0005__080a8282,fake,train,FaceReenact,0.9521806942092048,45,1,1,ucf_mean
Celeb-synthesis__FaceReenact__LivePortrait__id47_id41_0002__b7a4d96a,fake,train,FaceReenact,0.3969560242923243,56,0,1,ucf_mean
Celeb-synthesis__FaceReenact__LivePortrait__id47_id45_0002__e3063282,fake,train,FaceReenact,0.5276270714433243,48,1,1,ucf_mean
Celeb-synthesis__FaceReenact__LivePortrait__id50_id54_0006__cbc29304,fake,test,FaceReenact,0.7354314258775195,74,1,1,ucf_mean
Celeb-synthesis__FaceReenact__MCNET__id16_id6_0009__448519b4,fake,train,FaceReenact,0.6655782484606411,89,1,1,ucf_mean
Celeb-synthesis__FaceReenact__MCNET__id1_id26_0009__f4350343,fake,test,FaceReenact,0.5771504851967789,43,1,1,ucf_mean
Celeb-synthesis__FaceReenact__MCNET__id1_id31_0002__a642fb11,fake,test,FaceReenact,0.2565365761327437,39,0,1,ucf_mean
Celeb-synthesis__FaceReenact__MCNET__id23_id35_0006__7782fba1,fake,test,FaceReenact,0.8217078478712785,38,1,1,ucf_mean
Celeb-synthesis__FaceReenact__MCNET__id26_id37_0001__73dbc31f,fake,train,FaceReenact,0.9880833703538646,23,1,1,ucf_mean
Celeb-synthesis__FaceReenact__MCNET__id27_id28_0006__b576b163,fake,train,FaceReenact,0.9213840321258262,54,1,1,ucf_mean
Celeb-synthesis__FaceReenact__MCNET__id28_id23_0006__111e9069,fake,train,FaceReenact,0.7278128463142323,53,1,1,ucf_mean
Celeb-synthesis__FaceReenact__MCNET__id2_id17_0004__349174ae,fake,train,FaceReenact,0.8362269997596741,4,1,1,ucf_mean
Celeb-synthesis__FaceReenact__MCNET__id33_id31_0006__d3b368c7,fake,train,FaceReenact,0.7670914809234807,61,1,1,ucf_mean
Celeb-synthesis__FaceReenact__MCNET__id35_id32_0006__a525f209,fake,train,FaceReenact,0.577041506767273,2,1,1,ucf_mean
Celeb-synthesis__FaceReenact__MCNET__id41_id47_0001__446dc896,fake,test,FaceReenact,0.5201055042023929,53,1,1,ucf_mean
Celeb-synthesis__FaceReenact__MCNET__id45_id46_0007__64615aec,fake,train,FaceReenact,0.7916272908449173,30,1,1,ucf_mean
Celeb-synthesis__FaceReenact__MCNET__id45_id47_0003__558ccc79,fake,train,FaceReenact,0.9101701055963834,48,1,1,ucf_mean
Celeb-synthesis__FaceReenact__MCNET__id4_id35_0004__7ea18215,fake,train,FaceReenact,0.7673263375957807,42,1,1,ucf_mean
Celeb-synthesis__FaceReenact__MCNET__id54_id52_0003__6e6f12a1,fake,test,FaceReenact,0.9269796823843931,78,1,1,ucf_mean
Celeb-synthesis__FaceReenact__MCNET__id54_id53_0001__49ea4084,fake,test,FaceReenact,0.6981271689588373,55,1,1,ucf_mean
Celeb-synthesis__FaceReenact__MCNET__id56_id58_0001__10f6feba,fake,train,FaceReenact,0.9539985827037266,77,1,1,ucf_mean
Celeb-synthesis__FaceReenact__TPSMM__id13_id7_0001__ebd49e18,fake,train,FaceReenact,0.869572822536741,49,1,1,ucf_mean
Celeb-synthesis__FaceReenact__TPSMM__id16_id2_0009__58d0cabe,fake,train,FaceReenact,0.6766947117345087,29,1,1,ucf_mean
Celeb-synthesis__FaceReenact__TPSMM__id1_id3_0003__f80b2cc7,fake,test,FaceReenact,0.9514299073526936,62,1,1,ucf_mean
Celeb-synthesis__FaceReenact__TPSMM__id21_id4_0005__de7b74d0,fake,train,FaceReenact,0.8368588961087741,78,1,1,ucf_mean
Celeb-synthesis__FaceReenact__TPSMM__id23_id19_0000__5ddcc575,fake,test,FaceReenact,0.9606702837077055,55,1,1,ucf_mean
Celeb-synthesis__FaceReenact__TPSMM__id28_id32_0002__880ef5c7,fake,train,FaceReenact,0.7799428318937619,60,1,1,ucf_mean
Celeb-synthesis__FaceReenact__TPSMM__id28_id9_0000__94ef95bd,fake,train,FaceReenact,0.9209577532609304,75,1,1,ucf_mean
Celeb-synthesis__FaceReenact__TPSMM__id2_id4_0009__ce5e7cbc,fake,train,FaceReenact,0.5022328541050722,81,1,1,ucf_mean
Celeb-synthesis__FaceReenact__TPSMM__id33_id21_0005__cb3ccadf,fake,train,FaceReenact,0.8887791569743838,28,1,1,ucf_mean
Celeb-synthesis__FaceReenact__TPSMM__id34_id37_0003__351fba12,fake,train,FaceReenact,0.8953381918725514,21,1,1,ucf_mean
Celeb-synthesis__FaceReenact__TPSMM__id37_id2_0006__88d6aa87,fake,train,FaceReenact,0.8010250451889905,44,1,1,ucf_mean
Celeb-synthesis__FaceReenact__TPSMM__id44_id48_0001__04ab7d66,fake,test,FaceReenact,0.9070035918400838,52,1,1,ucf_mean
Celeb-synthesis__FaceReenact__TPSMM__id48_id45_0003__03629a1f,fake,train,FaceReenact,0.9195903906455407,52,1,1,ucf_mean
Celeb-synthesis__FaceReenact__TPSMM__id50_id57_0001__7ad6b6a4,fake,test,FaceReenact,0.9291948644738448,76,1,1,ucf_mean
Celeb-synthesis__FaceReenact__TPSMM__id52_id54_0002__c83d81f2,fake,test,FaceReenact,0.8727292278233696,51,1,1,ucf_mean
Celeb-synthesis__FaceReenact__TPSMM__id55_id50_0003__fa2057e7,fake,train,FaceReenact,0.9454518036964612,78,1,1,ucf_mean
Celeb-synthesis__FaceReenact__TPSMM__id6_id16_0008__e3fd3bd2,fake,train,FaceReenact,0.9347892446177346,56,1,1,ucf_mean
Celeb-synthesis__FaceSwap__BlendFace__id21_id33_0007__531793ba,fake,train,FaceSwap,0.9786599807019504,53,1,1,ucf_mean
Celeb-synthesis__FaceSwap__BlendFace__id21_id38_0006__06b34f34,fake,train,FaceSwap,0.7549338762958845,60,1,1,ucf_mean
Celeb-synthesis__FaceSwap__BlendFace__id24_id19_0000__d3b9420c,fake,test,FaceSwap,0.8417313098907471,49,1,1,ucf_mean
Celeb-synthesis__FaceSwap__BlendFace__id27_id26_0008__d82021e1,fake,train,FaceSwap,0.8122242220810482,56,1,1,ucf_mean
Celeb-synthesis__FaceSwap__BlendFace__id27_id28_0009__3b5ef7e1,fake,train,FaceSwap,0.9176934831417524,52,1,1,ucf_mean
Celeb-synthesis__FaceSwap__BlendFace__id28_id32_0002__520212f0,fake,train,FaceSwap,0.7155105849871268,52,1,1,ucf_mean
Celeb-synthesis__FaceSwap__BlendFace__id30_id20_0008__a536219c,fake,train,FaceSwap,0.3512664452554231,83,0,1,ucf_mean
Celeb-synthesis__FaceSwap__BlendFace__id31_id38_0000__f389894a,fake,val,FaceSwap,0.9039872381049143,71,1,1,ucf_mean
Celeb-synthesis__FaceSwap__BlendFace__id34_id29_0005__63148c5f,fake,train,FaceSwap,0.4965991798788309,80,0,1,ucf_mean
Celeb-synthesis__FaceSwap__BlendFace__id49_id51_0003__56b466c2,fake,val,FaceSwap,0.9289190182180116,66,1,1,ucf_mean
Celeb-synthesis__FaceSwap__BlendFace__id50_id52_0003__cc0baeb0,fake,test,FaceSwap,0.7545591214528451,78,1,1,ucf_mean
Celeb-synthesis__FaceSwap__BlendFace__id51_id58_0008__bd39a11f,fake,train,FaceSwap,0.9548201168838301,76,1,1,ucf_mean
Celeb-synthesis__FaceSwap__BlendFace__id57_id51_0006__7d2990d8,fake,train,FaceSwap,0.9864254327196824,76,1,1,ucf_mean
Celeb-synthesis__FaceSwap__BlendFace__id6_id0_0001__2e0b6a38,fake,train,FaceSwap,0.9907770609414136,54,1,1,ucf_mean
Celeb-synthesis__FaceSwap__BlendFace__id8_id3_0008__d6eac4ea,fake,test,FaceSwap,0.7951323493530876,95,1,1,ucf_mean
Celeb-synthesis__FaceSwap__BlendFace__id9_id20_0002__cfe50f89,fake,train,FaceSwap,0.8255346676365274,61,1,1,ucf_mean
Celeb-synthesis__FaceSwap__BlendFace__id9_id4_0000__f0dac336,fake,train,FaceSwap,0.9849104221661885,75,1,1,ucf_mean
Celeb-synthesis__FaceSwap__Celeb-DF-v2__id16_id35_0000__308bc925,fake,train,FaceSwap,0.9437752692204602,53,1,1,ucf_mean
Celeb-synthesis__FaceSwap__Celeb-DF-v2__id20_id28_0003__6ecc355b,fake,train,FaceSwap,0.8190522261878901,57,1,1,ucf_mean
Celeb-synthesis__FaceSwap__Celeb-DF-v2__id20_id3_0009__83719a18,fake,train,FaceSwap,0.9182941030178752,56,1,1,ucf_mean
Celeb-synthesis__FaceSwap__Celeb-DF-v2__id23_id27_0000__4a141e3e,fake,test,FaceSwap,0.8968791714254415,53,1,1,ucf_mean
Celeb-synthesis__FaceSwap__Celeb-DF-v2__id2_id30_0000__8318ba5b,fake,train,FaceSwap,0.9928114930788676,75,1,1,ucf_mean
Celeb-synthesis__FaceSwap__Celeb-DF-v2__id31_id6_0003__440a29c3,fake,val,FaceSwap,0.9862556617993575,78,1,1,ucf_mean
Celeb-synthesis__FaceSwap__Celeb-DF-v2__id32_id21_0007__b22c1049,fake,train,FaceSwap,0.9323119675958311,77,1,1,ucf_mean
Celeb-synthesis__FaceSwap__Celeb-DF-v2__id32_id37_0009__0f8c2c05,fake,train,FaceSwap,0.9512054704129695,80,1,1,ucf_mean
Celeb-synthesis__FaceSwap__Celeb-DF-v2__id34_id38_0002__4abfc322,fake,train,FaceSwap,0.8095195768056093,54,1,1,ucf_mean
Celeb-synthesis__FaceSwap__Celeb-DF-v2__id37_id29_0005__03f28283,fake,train,FaceSwap,0.8818949464853708,77,1,1,ucf_mean
Celeb-synthesis__FaceSwap__Celeb-DF-v2__id38_id20_0000__c9eea163,fake,train,FaceSwap,0.7078732397311773,78,1,1,ucf_mean
Celeb-synthesis__FaceSwap__Celeb-DF-v2__id47_id39_0002__fb5f438d,fake,train,FaceSwap,0.9410137412724672,54,1,1,ucf_mean
Celeb-synthesis__FaceSwap__Celeb-DF-v2__id4_id2_0004__fa16c28c,fake,train,FaceSwap,0.8122315329273004,74,1,1,ucf_mean
Celeb-synthesis__FaceSwap__Celeb-DF-v2__id50_id56_0000__d849d5e0,fake,test,FaceSwap,0.9465789273381233,48,1,1,ucf_mean
Celeb-synthesis__FaceSwap__Celeb-DF-v2__id57_id54_0007__e46c63cc,fake,train,FaceSwap,0.9398033449778685,74,1,1,ucf_mean
Celeb-synthesis__FaceSwap__Celeb-DF-v2__id6_id1_0009__996167d1,fake,train,FaceSwap,0.7935288746872645,89,1,1,ucf_mean
Celeb-synthesis__FaceSwap__Celeb-DF-v2__id9_id37_0006__2294cd73,fake,train,FaceSwap,0.7612500731179963,67,1,1,ucf_mean
Celeb-synthesis__FaceSwap__GHOST__id11_id7_0003__926b1646,fake,train,FaceSwap,0.5457980386772245,53,1,1,ucf_mean
Celeb-synthesis__FaceSwap__GHOST__id17_id28_0001__97bd566d,fake,train,FaceSwap,0.6132551901183039,53,1,1,ucf_mean
Celeb-synthesis__FaceSwap__GHOST__id21_id16_0000__334dbd73,fake,train,FaceSwap,0.5462697606820327,39,1,1,ucf_mean
Celeb-synthesis__FaceSwap__GHOST__id21_id19_0007__eb61d230,fake,train,FaceSwap,0.8944214436243165,53,1,1,ucf_mean
Celeb-synthesis__FaceSwap__GHOST__id23_id19_0009__b3b6e276,fake,test,FaceSwap,0.5929853356671784,53,1,1,ucf_mean
Celeb-synthesis__FaceSwap__GHOST__id24_id23_0009__2bd974c6,fake,test,FaceSwap,0.7694558432469001,52,1,1,ucf_mean
Celeb-synthesis__FaceSwap__GHOST__id28_id0_0007__c7d5a80b,fake,train,FaceSwap,0.6724451207647136,51,1,1,ucf_mean
Celeb-synthesis__FaceSwap__GHOST__id30_id16_0009__e4233413,fake,train,FaceSwap,0.8520985204726458,80,1,1,ucf_mean
Celeb-synthesis__FaceSwap__GHOST__id35_id17_0009__2217b5cf,fake,train,FaceSwap,0.6144586729782598,54,1,1,ucf_mean
Celeb-synthesis__FaceSwap__GHOST__id35_id20_0000__bbc66652,fake,train,FaceSwap,0.8608918466219088,82,1,1,ucf_mean
Celeb-synthesis__FaceSwap__GHOST__id3_id37_0004__b55bff33,fake,train,FaceSwap,0.9577160200902394,84,1,1,ucf_mean
Celeb-synthesis__FaceSwap__GHOST__id40_id47_0006__bc2fd83b,fake,train,FaceSwap,0.6823462014490703,53,1,1,ucf_mean
Celeb-synthesis__FaceSwap__GHOST__id45_id41_0000__51ee4227,fake,train,FaceSwap,0.49016271316661286,52,0,1,ucf_mean
Celeb-synthesis__FaceSwap__GHOST__id4_id30_0005__1f287fb8,fake,train,FaceSwap,0.7694813716105926,78,1,1,ucf_mean
Celeb-synthesis__FaceSwap__GHOST__id51_id54_0005__3fccc74c,fake,train,FaceSwap,0.6364260888658464,64,1,1,ucf_mean
Celeb-synthesis__FaceSwap__GHOST__id53_id56_0002__2a6903c3,fake,train,FaceSwap,0.8643177736039255,51,1,1,ucf_mean
Celeb-synthesis__FaceSwap__GHOST__id53_id58_0006__968b47d6,fake,train,FaceSwap,0.6372550711219693,81,1,1,ucf_mean
Celeb-synthesis__FaceSwap__HifiFace__id16_id35_0005__6c2073b4,fake,train,FaceSwap,0.8621808886528015,58,1,1,ucf_mean
Celeb-synthesis__FaceSwap__HifiFace__id17_id1_0001__eed12866,fake,train,FaceSwap,0.8871770366182867,53,1,1,ucf_mean
Celeb-synthesis__FaceSwap__HifiFace__id17_id9_0001__2123dfe5,fake,train,FaceSwap,0.9055178345374342,53,1,1,ucf_mean
Celeb-synthesis__FaceSwap__HifiFace__id1_id23_0006__682444db,fake,test,FaceSwap,0.48399600220077177,85,0,1,ucf_mean
Celeb-synthesis__FaceSwap__HifiFace__id24_id19_0005__76414daf,fake,test,FaceSwap,0.703050327144171,57,1,1,ucf_mean
Celeb-synthesis__FaceSwap__HifiFace__id26_id2_0005__34fde766,fake,train,FaceSwap,0.6487407824024558,56,1,1,ucf_mean
Celeb-synthesis__FaceSwap__HifiFace__id26_id30_0006__88e734e4,fake,train,FaceSwap,0.7747706452814432,52,1,1,ucf_mean
Celeb-synthesis__FaceSwap__HifiFace__id28_id29_0003__baa15d76,fake,train,FaceSwap,0.45777541106300695,56,0,1,ucf_mean
Celeb-synthesis__FaceSwap__HifiFace__id30_id31_0000__bc3ec380,fake,train,FaceSwap,0.9124707494463239,84,1,1,ucf_mean
Celeb-synthesis__FaceSwap__HifiFace__id32_id26_0000__6f0c09ae,fake,train,FaceSwap,0.5182346547412318,86,1,1,ucf_mean
Celeb-synthesis__FaceSwap__HifiFace__id34_id30_0002__9077bfe5,fake,train,FaceSwap,0.6460541288057963,54,1,1,ucf_mean
Celeb-synthesis__FaceSwap__HifiFace__id35_id2_0002__dd41fc56,fake,train,FaceSwap,0.617104222998023,64,1,1,ucf_mean
Celeb-synthesis__FaceSwap__HifiFace__id37_id6_0003__6494f22f,fake,train,FaceSwap,0.953460254911649,59,1,1,ucf_mean
Celeb-synthesis__FaceSwap__HifiFace__id3_id1_0006__82952ecc,fake,train,FaceSwap,0.7239557344844376,69,1,1,ucf_mean
Celeb-synthesis__FaceSwap__HifiFace__id52_id53_0008__8619ea75,fake,test,FaceSwap,0.9229092844154524,92,1,1,ucf_mean
Celeb-synthesis__FaceSwap__HifiFace__id53_id49_0002__7eeba221,fake,train,FaceSwap,0.9157175106160781,51,1,1,ucf_mean
Celeb-synthesis__FaceSwap__HifiFace__id53_id58_0004__61dde1e5,fake,train,FaceSwap,0.7191316187381744,80,1,1,ucf_mean
Celeb-synthesis__FaceSwap__InSwapper__id0_id28_0001__875f15cb,fake,val,FaceSwap,0.9442882935206095,51,1,1,ucf_mean
Celeb-synthesis__FaceSwap__InSwapper__id0_id3_0001__007dbeac,fake,val,FaceSwap,0.9812900914865381,51,1,1,ucf_mean
Celeb-synthesis__FaceSwap__InSwapper__id1_id31_0006__3fbaaa15,fake,test,FaceSwap,0.8579037182471332,85,1,1,ucf_mean
Celeb-synthesis__FaceSwap__InSwapper__id20_id3_0007__f52096d0,fake,train,FaceSwap,0.8518279313013472,58,1,1,ucf_mean
Celeb-synthesis__FaceSwap__InSwapper__id23_id26_0009__107f923a,fake,test,FaceSwap,0.9212493126122456,53,1,1,ucf_mean
Celeb-synthesis__FaceSwap__InSwapper__id26_id30_0001__5d20ab46,fake,train,FaceSwap,0.9945128173739822,54,1,1,ucf_mean
Celeb-synthesis__FaceSwap__InSwapper__id27_id24_0002__b6d36b2e,fake,train,FaceSwap,0.829881594369286,57,1,1,ucf_mean
Celeb-synthesis__FaceSwap__InSwapper__id28_id6_0001__c09bd86d,fake,train,FaceSwap,0.8765689751931599,56,1,1,ucf_mean
Celeb-synthesis__FaceSwap__InSwapper__id29_id35_0005__15e7127b,fake,val,FaceSwap,0.9594687964671698,78,1,1,ucf_mean
Celeb-synthesis__FaceSwap__InSwapper__id35_id32_0001__6b44d973,fake,train,FaceSwap,0.8192208651234122,85,1,1,ucf_mean
Celeb-synthesis__FaceSwap__InSwapper__id35_id38_0005__1ebdd57c,fake,train,FaceSwap,0.9201400709152222,50,1,1,ucf_mean
Celeb-synthesis__FaceSwap__InSwapper__id37_id6_0005__42ed641e,fake,train,FaceSwap,0.9744167846518678,77,1,1,ucf_mean
Celeb-synthesis__FaceSwap__InSwapper__id39_id47_0000__a2ac0df0,fake,train,FaceSwap,0.8002254709049508,54,1,1,ucf_mean
Celeb-synthesis__FaceSwap__InSwapper__id39_id48_0006__1214def3,fake,train,FaceSwap,0.9799341378467423,56,1,1,ucf_mean
Celeb-synthesis__FaceSwap__InSwapper__id46_id43_0008__568b5447,fake,train,FaceSwap,0.7775766694774995,52,1,1,ucf_mean
Celeb-synthesis__FaceSwap__InSwapper__id54_id52_0005__a2df8529,fake,test,FaceSwap,0.9922055416636997,45,1,1,ucf_mean
Celeb-synthesis__FaceSwap__InSwapper__id59_id60_0007__5f9d3568,fake,train,FaceSwap,0.9598363244107792,56,1,1,ucf_mean
Celeb-synthesis__FaceSwap__MobileFaceSwap__id17_id6_0009__a504b70f,fake,train,FaceSwap,0.6070578026771546,50,1,1,ucf_mean
Celeb-synthesis__FaceSwap__MobileFaceSwap__id1_id37_0003__39ac8828,fake,test,FaceSwap,0.8163349942157143,76,1,1,ucf_mean
Celeb-synthesis__FaceSwap__MobileFaceSwap__id1_id4_0007__3ef84e70,fake,test,FaceSwap,0.9404126936739141,55,1,1,ucf_mean
Celeb-synthesis__FaceSwap__MobileFaceSwap__id21_id1_0005__4efe912a,fake,train,FaceSwap,0.3267960086730974,28,0,1,ucf_mean
Celeb-synthesis__FaceSwap__MobileFaceSwap__id30_id23_0003__256fee80,fake,train,FaceSwap,0.4168499086193646,79,0,1,ucf_mean
Celeb-synthesis__FaceSwap__MobileFaceSwap__id30_id33_0007__116b4b9d,fake,train,FaceSwap,0.6749176861424195,76,1,1,ucf_mean
Celeb-synthesis__FaceSwap__MobileFaceSwap__id31_id2_0002__deeb407b,fake,val,FaceSwap,0.6228755160614297,81,1,1,ucf_mean
Celeb-synthesis__FaceSwap__MobileFaceSwap__id37_id26_0003__4f3472b6,fake,train,FaceSwap,0.7274748469560833,59,1,1,ucf_mean
Celeb-synthesis__FaceSwap__MobileFaceSwap__id3_id17_0009__ba920314,fake,train,FaceSwap,0.6239450291158205,83,1,1,ucf_mean
Celeb-synthesis__FaceSwap__MobileFaceSwap__id3_id37_0008__1c8dc7e6,fake,train,FaceSwap,0.8427195018762118,77,1,1,ucf_mean
Celeb-synthesis__FaceSwap__MobileFaceSwap__id44_id42_0001__856b58b8,fake,test,FaceSwap,0.9430697155448625,53,1,1,ucf_mean
Celeb-synthesis__FaceSwap__MobileFaceSwap__id46_id45_0005__7295e6c2,fake,train,FaceSwap,0.7500634726725126,57,1,1,ucf_mean
Celeb-synthesis__FaceSwap__MobileFaceSwap__id48_id40_0003__477abc56,fake,train,FaceSwap,0.9148341342806816,56,1,1,ucf_mean
Celeb-synthesis__FaceSwap__MobileFaceSwap__id4_id2_0004__e17a1f61,fake,train,FaceSwap,0.6257535370217787,74,1,1,ucf_mean
Celeb-synthesis__FaceSwap__MobileFaceSwap__id6_id16_0003__2372cb7c,fake,train,FaceSwap,0.9464809385038191,62,1,1,ucf_mean
Celeb-synthesis__FaceSwap__MobileFaceSwap__id9_id21_0006__7d5ddb09,fake,train,FaceSwap,0.6628936074340521,67,1,1,ucf_mean
Celeb-synthesis__FaceSwap__SimSwap__id16_id3_0000__3477c358,fake,train,FaceSwap,0.5618358529260699,53,1,1,ucf_mean
Celeb-synthesis__FaceSwap__SimSwap__id21_id20_0001__7af019bb,fake,train,FaceSwap,0.9205228022553704,44,1,1,ucf_mean
Celeb-synthesis__FaceSwap__SimSwap__id21_id33_0008__2d84b53d,fake,train,FaceSwap,0.40614630130154117,54,0,1,ucf_mean
Celeb-synthesis__FaceSwap__SimSwap__id21_id38_0005__910985a5,fake,train,FaceSwap,0.5784136344279561,28,1,1,ucf_mean
Celeb-synthesis__FaceSwap__SimSwap__id23_id0_0003__edbd5e74,fake,test,FaceSwap,0.3811281072276254,31,0,1,ucf_mean
Celeb-synthesis__FaceSwap__SimSwap__id23_id31_0002__78b72662,fake,test,FaceSwap,0.7400847248457096,54,1,1,ucf_mean
Celeb-synthesis__FaceSwap__SimSwap__id26_id30_0004__7c477cff,fake,train,FaceSwap,0.547767766388291,59,1,1,ucf_mean
Celeb-synthesis__FaceSwap__SimSwap__id28_id37_0009__affdc5fe,fake,train,FaceSwap,0.30416819493153263,56,0,1,ucf_mean
Celeb-synthesis__FaceSwap__SimSwap__id31_id2_0001__1cd151f1,fake,val,FaceSwap,0.8975236194749032,62,1,1,ucf_mean
Celeb-synthesis__FaceSwap__SimSwap__id32_id23_0002__a706d2c6,fake,train,FaceSwap,0.7980747704046318,83,1,1,ucf_mean
Celeb-synthesis__FaceSwap__SimSwap__id35_id20_0007__8d35b9ce,fake,train,FaceSwap,0.7537964651388909,67,1,1,ucf_mean
Celeb-synthesis__FaceSwap__SimSwap__id37_id26_0008__aef34d21,fake,train,FaceSwap,0.44626214254049607,81,0,1,ucf_mean
Celeb-synthesis__FaceSwap__SimSwap__id38_id23_0009__5a2e1d04,fake,train,FaceSwap,0.7530941764006809,98,1,1,ucf_mean
Celeb-synthesis__FaceSwap__SimSwap__id38_id37_0003__1245acfa,fake,train,FaceSwap,0.9291773907840252,80,1,1,ucf_mean
Celeb-synthesis__FaceSwap__SimSwap__id3_id20_0003__968a8c93,fake,train,FaceSwap,0.7750799232913602,62,1,1,ucf_mean
Celeb-synthesis__FaceSwap__SimSwap__id60_id59_0001__07021aa9,fake,train,FaceSwap,0.5083737759659551,73,1,1,ucf_mean
Celeb-synthesis__FaceSwap__UniFace__id19_id26_0002__4c8417c3,fake,test,FaceSwap,0.9294682509369321,54,1,1,ucf_mean
Celeb-synthesis__FaceSwap__UniFace__id1_id6_0000__86d0e867,fake,test,FaceSwap,0.3141498395898303,61,0,1,ucf_mean
Celeb-synthesis__FaceSwap__UniFace__id20_id22_0006__a95b66d4,fake,train,FaceSwap,0.8281022147698835,55,1,1,ucf_mean
Celeb-synthesis__FaceSwap__UniFace__id23_id24_0009__e3961dbf,fake,test,FaceSwap,0.7143549590178255,53,1,1,ucf_mean
Celeb-synthesis__FaceSwap__UniFace__id23_id35_0006__9c4d682a,fake,test,FaceSwap,0.8059150306683667,53,1,1,ucf_mean
Celeb-synthesis__FaceSwap__UniFace__id25_id19_0003__8e751245,fake,train,FaceSwap,0.9595234450839815,42,1,1,ucf_mean
Celeb-synthesis__FaceSwap__UniFace__id25_id28_0005__fd9262d1,fake,train,FaceSwap,0.834659850368133,52,1,1,ucf_mean
Celeb-synthesis__FaceSwap__UniFace__id26_id23_0002__2d8b9554,fake,train,FaceSwap,0.8402885270339472,54,1,1,ucf_mean
Celeb-synthesis__FaceSwap__UniFace__id37_id3_0007__ce1c0e99,fake,train,FaceSwap,0.23971682989710488,79,0,1,ucf_mean
Celeb-synthesis__FaceSwap__UniFace__id45_id47_0004__444dfc0a,fake,train,FaceSwap,0.9143387503348864,52,1,1,ucf_mean
Celeb-synthesis__FaceSwap__UniFace__id48_id41_0006__85f4521e,fake,train,FaceSwap,0.9510982220823114,55,1,1,ucf_mean
Celeb-synthesis__FaceSwap__UniFace__id50_id54_0004__6af864e5,fake,test,FaceSwap,0.9366928723793996,79,1,1,ucf_mean
Celeb-synthesis__FaceSwap__UniFace__id55_id49_0008__71e45bf7,fake,train,FaceSwap,0.8898576489753194,72,1,1,ucf_mean
Celeb-synthesis__FaceSwap__UniFace__id60_id5_0001__269126df,fake,train,FaceSwap,0.5645584408959298,73,1,1,ucf_mean
Celeb-synthesis__FaceSwap__UniFace__id6_id16_0000__73c8f6b5,fake,train,FaceSwap,0.8341231699500765,105,1,1,ucf_mean
Celeb-synthesis__FaceSwap__UniFace__id9_id28_0004__bb7a2b22,fake,train,FaceSwap,0.743024906662644,61,1,1,ucf_mean
Celeb-synthesis__TalkingFace__AniTalker__id11_0003_test_id02725_37kUrf6RJdw__794ba055,fake,train,TalkingFace,0.49968126721002837,44,0,1,ucf_mean
Celeb-synthesis__TalkingFace__AniTalker__id12_0004_test_id01066_65k0p7fUBVI__ed984723,fake,train,TalkingFace,0.8971883462321374,31,1,1,ucf_mean
Celeb-synthesis__TalkingFace__AniTalker__id16_0004_test_id03524_Lt7XKpDEmh0__ab4f76f6,fake,train,TalkingFace,0.7846678521484136,40,1,1,ucf_mean
Celeb-synthesis__TalkingFace__AniTalker__id16_0010_test_id07868_6qWwQj0a_uw__5f601772,fake,train,TalkingFace,0.4621639129306589,28,0,1,ucf_mean
Celeb-synthesis__TalkingFace__AniTalker__id1_0003_test_id04478_sxTXohsFkM4__a2b04c0e,fake,test,TalkingFace,0.9282688675103364,27,1,1,ucf_mean
Celeb-synthesis__TalkingFace__AniTalker__id24_0001_test_id02019_anSrwA_9RPE__866e4f55,fake,test,TalkingFace,0.8243306405269183,26,1,1,ucf_mean
Celeb-synthesis__TalkingFace__AniTalker__id24_0009_test_id00812_7ppP2WTpZ1s__0dde1eb3,fake,test,TalkingFace,0.5012557237808194,56,1,1,ucf_mean
Celeb-synthesis__TalkingFace__AniTalker__id26_0001_test_id03789_KMozTvI2He0__4ced9f79,fake,train,TalkingFace,0.985383133093516,27,1,1,ucf_mean
Celeb-synthesis__TalkingFace__AniTalker__id27_0006_test_id02086_zbTnwM2r7Lk__210c065e,fake,train,TalkingFace,0.8454699034874256,26,1,1,ucf_mean
Celeb-synthesis__TalkingFace__AniTalker__id31_0009_test_id03839_C_MwvSBvUy8__b53cb2c1,fake,val,TalkingFace,0.5088007146198499,38,1,1,ucf_mean
Celeb-synthesis__TalkingFace__AniTalker__id39_0002_test_id01298_i8N_VPTGLis__f11e15fd,fake,train,TalkingFace,0.9331408706871239,37,1,1,ucf_mean
Celeb-synthesis__TalkingFace__AniTalker__id40_0007_test_id03382_yg4PLo7dVmk__c09f3bb2,fake,train,TalkingFace,0.8715837877623889,49,1,1,ucf_mean
Celeb-synthesis__TalkingFace__AniTalker__id45_0005_test_id03030_jSaAmd-y53U__a163a403,fake,train,TalkingFace,0.6597435537612799,33,1,1,ucf_mean
Celeb-synthesis__TalkingFace__AniTalker__id48_0002_test_id04656_jPpleSW9BCY__5874a74a,fake,train,TalkingFace,0.9176684986142551,68,1,1,ucf_mean
Celeb-synthesis__TalkingFace__AniTalker__id51_0002_test_id00562_0Zh6t-f8MsY__6b0060a0,fake,train,TalkingFace,0.9751515493673437,34,1,1,ucf_mean
Celeb-synthesis__TalkingFace__AniTalker__id55_0008_test_id01509_6wp2Lht90Fw__6cfb3a58,fake,train,TalkingFace,0.882708320250878,26,1,1,ucf_mean
Celeb-synthesis__TalkingFace__AniTalker__id56_0006_test_id07494_HxLolmovgAs__e5e17e7a,fake,train,TalkingFace,0.9140205462773641,45,1,1,ucf_mean
Celeb-synthesis__TalkingFace__AniTalker__id61_0006_test_id00017_wrB-yyERH2s__b0ce7675,fake,train,TalkingFace,0.5749211341940931,56,1,1,ucf_mean
Celeb-synthesis__TalkingFace__AniTalker__id8_0002_test_id00817_EPPT9urr8Ew__fb7a52bb,fake,test,TalkingFace,0.9896474996128598,37,1,1,ucf_mean
Celeb-synthesis__TalkingFace__EDTalk__id10_0003_test_id05055_1lsf8QC-Lck__7890d8bb,fake,test,TalkingFace,0.9955533537371405,29,1,1,ucf_mean
Celeb-synthesis__TalkingFace__EDTalk__id11_0004_test_id04862_i6aGUMQW5jA__3fb1a1b0,fake,train,TalkingFace,0.8864562809467316,28,1,1,ucf_mean
Celeb-synthesis__TalkingFace__EDTalk__id13_0014_test_id08696_Hd5ulx7ZfO0__084367c3,fake,train,TalkingFace,0.9856264571348826,30,1,1,ucf_mean
Celeb-synthesis__TalkingFace__EDTalk__id16_0002_test_id04295_1fSjOItVYVg__3c8ca697,fake,train,TalkingFace,0.9865214445374229,11,1,1,ucf_mean
Celeb-synthesis__TalkingFace__EDTalk__id16_0005_test_id02317_quWGoFFkGr0__1017702e,fake,train,TalkingFace,0.9976358910401663,30,1,1,ucf_mean
Celeb-synthesis__TalkingFace__EDTalk__id17_0005_test_id02317_5B2PwYr8pT4__cfac2d7d,fake,train,TalkingFace,0.5633511399993529,26,1,1,ucf_mean
Celeb-synthesis__TalkingFace__EDTalk__id24_0000_test_id00866_0OxT7uyV-vU__9aa8a0a4,fake,test,TalkingFace,0.96221490246909,35,1,1,ucf_mean
Celeb-synthesis__TalkingFace__EDTalk__id24_0002_test_id01228_SJQOZPMPSSg__56304908,fake,test,TalkingFace,0.6622281095077251,29,1,1,ucf_mean
Celeb-synthesis__TalkingFace__EDTalk__id32_0001_test_id07620_fx5jKGlv9Ek__4b630f88,fake,train,TalkingFace,0.8583313130563305,31,1,1,ucf_mean
Celeb-synthesis__TalkingFace__EDTalk__id35_0005_test_id07802_VidNMN18YwU__00c0d305,fake,train,TalkingFace,0.9902424613634745,30,1,1,ucf_mean
Celeb-synthesis__TalkingFace__EDTalk__id35_0008_test_id04656_6N_AmGKcdZo__9449d5b6,fake,train,TalkingFace,0.9846668973565101,40,1,1,ucf_mean
Celeb-synthesis__TalkingFace__EDTalk__id36_0002_test_id02317_V1il-79GsT4__b6f58f13,fake,train,TalkingFace,0.8817407502369448,44,1,1,ucf_mean
Celeb-synthesis__TalkingFace__EDTalk__id38_0000_test_id06692_IwB3vu418E4__ad736938,fake,train,TalkingFace,0.9500479817390441,5,1,1,ucf_mean
Celeb-synthesis__TalkingFace__EDTalk__id46_0003_test_id04276_sPZWjloFrg8__35172969,fake,train,TalkingFace,0.9243412922929835,27,1,1,ucf_mean
Celeb-synthesis__TalkingFace__EDTalk__id47_0008_test_id03127_RmKc_HNTw-k__e607e11a,fake,train,TalkingFace,0.9750441484981113,45,1,1,ucf_mean
Celeb-synthesis__TalkingFace__EDTalk__id55_0007_test_id05176_zTGzM2koGAQ__402c07fb,fake,train,TalkingFace,0.8441665885495204,51,1,1,ucf_mean
Celeb-synthesis__TalkingFace__EDTalk__id56_0008_test_id08696_B8nZX3w62Fg__514b1da2,fake,train,TalkingFace,0.9882958521277218,59,1,1,ucf_mean
Celeb-synthesis__TalkingFace__EDTalk__id9_0000_test_id07621_23TZokV8wvg__bdbd6275,fake,train,TalkingFace,0.9766857274647417,29,1,1,ucf_mean
Celeb-synthesis__TalkingFace__EchoMimic__id17_0001_test_id06692_EC9TCRJkBhI__af2b3769,fake,train,TalkingFace,0.8160410646130057,17,1,1,ucf_mean
Celeb-synthesis__TalkingFace__EchoMimic__id1_0000_test_id04862_NPOoEt--t_g__a7ce9fe6,fake,test,TalkingFace,0.7012171692707959,17,1,1,ucf_mean
Celeb-synthesis__TalkingFace__EchoMimic__id21_0002_test_id03524_cxnnKLQYemo__332d8a6d,fake,train,TalkingFace,0.6919217060009638,30,1,1,ucf_mean
Celeb-synthesis__TalkingFace__EchoMimic__id21_0004_test_id04366_43BiUVlNy58__e81c9e8b,fake,train,TalkingFace,0.3222955653772634,34,0,1,ucf_mean
Celeb-synthesis__TalkingFace__EchoMimic__id22_0002_test_id05055_cZZMU1w_HO4__85427c0a,fake,test,TalkingFace,0.3971321696513577,19,0,1,ucf_mean
Celeb-synthesis__TalkingFace__EchoMimic__id25_0004_test_id00926_TOxtKuoggFI__b6e859c3,fake,train,TalkingFace,0.9917484819889069,28,1,1,ucf_mean
Celeb-synthesis__TalkingFace__EchoMimic__id2_0001_test_id04656_Bi7kCsbg5L0__48cd039f,fake,train,TalkingFace,0.9870693385601044,2,1,1,ucf_mean
Celeb-synthesis__TalkingFace__EchoMimic__id30_0001_test_id06484_4iWGFxMOmKI__022b0c1b,fake,train,TalkingFace,0.7421838795316631,29,1,1,ucf_mean
Celeb-synthesis__TalkingFace__EchoMimic__id47_0004_test_id04656_27HyvKOXDjo__ba68f94a,fake,train,TalkingFace,0.8956535984488094,34,1,1,ucf_mean
Celeb-synthesis__TalkingFace__EchoMimic__id48_0000_test_id02445_ZX_6RMrTEP0__4c87aef6,fake,train,TalkingFace,0.8419710136950016,16,1,1,ucf_mean
Celeb-synthesis__TalkingFace__EchoMimic__id48_0002_test_id04656_jPpleSW9BCY__4cf1cf35,fake,train,TalkingFace,0.9040501208016367,66,1,1,ucf_mean
Celeb-synthesis__TalkingFace__EchoMimic__id49_0008_test_id07414_N7IVsTDjNU0__d3ee12d8,fake,val,TalkingFace,0.9250012177687424,52,1,1,ucf_mean
Celeb-synthesis__TalkingFace__EchoMimic__id54_0004_test_id01106_mkgP19APekU__a3c8203c,fake,test,TalkingFace,0.8801674359831316,29,1,1,ucf_mean
Celeb-synthesis__TalkingFace__EchoMimic__id5_0000_test_id03127_mn_mOy6f4bg__740f923f,fake,val,TalkingFace,0.5058942100694103,31,1,1,ucf_mean
Celeb-synthesis__TalkingFace__EchoMimic__id5_0001_test_id07620_BiqpFzenkJ8__ab6a28e9,fake,val,TalkingFace,0.6915810712996651,34,1,1,ucf_mean
Celeb-synthesis__TalkingFace__EchoMimic__id6_0003_test_id04950_XJS6SLQuCNM__ab62b200,fake,train,TalkingFace,0.9880270234176091,42,1,1,ucf_mean
Celeb-synthesis__TalkingFace__EchoMimic__id9_0009_test_id04094_Mn2XdOCOmc4__1e0499b1,fake,train,TalkingFace,0.6172210353392141,27,1,1,ucf_mean
Celeb-synthesis__TalkingFace__FLOAT__id17_0005_test_id03969_dxU4gOdESXQ__9d0d1686,fake,train,TalkingFace,0.27725819458386725,28,0,1,ucf_mean
Celeb-synthesis__TalkingFace__FLOAT__id29_0002_test_id07494_uFTbGfh8n3c__17ccb53c,fake,val,TalkingFace,0.2191816288977861,33,0,1,ucf_mean
Celeb-synthesis__TalkingFace__FLOAT__id2_0004_test_id05015_cveAkY4KXUk__953b3197,fake,train,TalkingFace,0.6807907217015059,39,1,1,ucf_mean
Celeb-synthesis__TalkingFace__FLOAT__id2_0005_test_id05850_WCsUJ380ww8__8da4ea18,fake,train,TalkingFace,0.4321752813245569,28,0,1,ucf_mean
Celeb-synthesis__TalkingFace__FLOAT__id2_0006_test_id01298_oCRfIciXOPs__3b2e27da,fake,train,TalkingFace,0.9517872920934705,69,1,1,ucf_mean
Celeb-synthesis__TalkingFace__FLOAT__id38_0006_test_id03041_qyCz5uttaAA__f84231ef,fake,train,TalkingFace,0.2439360218527524,46,0,1,ucf_mean
Celeb-synthesis__TalkingFace__FLOAT__id3_0002_test_id08552_7kf2EfS9G6Q__37c40363,fake,train,TalkingFace,0.17094553987096459,28,0,1,ucf_mean
Celeb-synthesis__TalkingFace__FLOAT__id47_0007_test_id03524_nKxz0LxKZ58__4ba50397,fake,train,TalkingFace,0.8444496877491474,36,1,1,ucf_mean
Celeb-synthesis__TalkingFace__FLOAT__id48_0004_test_id08696_Hd5ulx7ZfO0__c1351bc3,fake,train,TalkingFace,0.7266015363556724,31,1,1,ucf_mean
Celeb-synthesis__TalkingFace__FLOAT__id51_0004_test_id01618_gdW26NMVO2g__a76470b2,fake,train,TalkingFace,0.9975861989789538,36,1,1,ucf_mean
Celeb-synthesis__TalkingFace__FLOAT__id51_0009_test_id04094_XXOtyg4RxTE__2ede6c82,fake,train,TalkingFace,0.13644774628078768,36,0,1,ucf_mean
Celeb-synthesis__TalkingFace__FLOAT__id52_0001_test_id08374_FW6ALFdkBfk__5bcde2e2,fake,test,TalkingFace,0.675473170587793,32,1,1,ucf_mean
Celeb-synthesis__TalkingFace__FLOAT__id53_0002_test_id08392_wCwdWmxtP1U__c2f127ce,fake,train,TalkingFace,0.9683860076798333,27,1,1,ucf_mean
Celeb-synthesis__TalkingFace__FLOAT__id58_0000_test_id02086__bhLunJkB1Y__5e474701,fake,train,TalkingFace,0.919789411340441,35,1,1,ucf_mean
Celeb-synthesis__TalkingFace__FLOAT__id58_0004_test_id04536_ofq_mx53rf4__f56fd15f,fake,train,TalkingFace,0.529737672690923,48,1,1,ucf_mean
Celeb-synthesis__TalkingFace__FLOAT__id58_0004_test_id08374_CMT4yP1eAug__8908a8ef,fake,train,TalkingFace,0.44806675612926483,27,0,1,ucf_mean
Celeb-synthesis__TalkingFace__FLOAT__id58_0008_test_id03127_Lgd5qn2-kMo__4f97346a,fake,train,TalkingFace,0.9538764794667561,60,1,1,ucf_mean
Celeb-synthesis__TalkingFace__FLOAT__id59_0005_test_id08392_V2DQaPnQhBs__9e42e7d6,fake,train,TalkingFace,0.4828684516251087,40,0,1,ucf_mean
Celeb-synthesis__TalkingFace__FLOAT__id59_0006_test_id08701_yty4X4F1mQY__67454fd2,fake,train,TalkingFace,0.35398477982533605,57,0,1,ucf_mean
Celeb-synthesis__TalkingFace__IP_LAP__id11_0009_test_id03347_b4wl7nEZ2wE__6b02995e,fake,train,TalkingFace,0.9151254672379721,42,1,1,ucf_mean
Celeb-synthesis__TalkingFace__IP_LAP__id17_0008_test_id02317_U9C74tfLcqc__78e8dd1d,fake,train,TalkingFace,0.991676607131958,25,1,1,ucf_mean
Celeb-synthesis__TalkingFace__IP_LAP__id20_0007_test_id09017_uzmhrmJLNoM__fbf7a888,fake,train,TalkingFace,0.9943534910678864,40,1,1,ucf_mean
Celeb-synthesis__TalkingFace__IP_LAP__id30_0002_test_id01224_i24BZ8uXDzE__f50190a7,fake,train,TalkingFace,0.9248942285776138,56,1,1,ucf_mean
Celeb-synthesis__TalkingFace__IP_LAP__id32_0009_test_id04094_SeYATZknAgI__42332e6c,fake,train,TalkingFace,0.9244920665567572,11,1,1,ucf_mean
Celeb-synthesis__TalkingFace__IP_LAP__id34_0008_test_id04232_T7dROCqmwNQ__745f8ce8,fake,train,TalkingFace,0.9361447903017203,48,1,1,ucf_mean
Celeb-synthesis__TalkingFace__IP_LAP__id37_0000_test_id04232_lcNvUKfW9tY__1e6b4fb6,fake,train,TalkingFace,0.7904487089253962,32,1,1,ucf_mean
Celeb-synthesis__TalkingFace__IP_LAP__id37_0004_test_id01228_ji5bXRNaUtQ__bf24620a,fake,train,TalkingFace,0.6668761706352234,25,1,1,ucf_mean
Celeb-synthesis__TalkingFace__IP_LAP__id3_0005_test_id04950_beeuwSz8XZU__f26a219b,fake,train,TalkingFace,0.9407235303167569,59,1,1,ucf_mean
Celeb-synthesis__TalkingFace__IP_LAP__id3_0006_test_id03178_FDfJLMr1-_o__fe0b3aa9,fake,train,TalkingFace,0.8602579722801844,30,1,1,ucf_mean
Celeb-synthesis__TalkingFace__IP_LAP__id45_0003_test_id07621_1L2IUy6gqaM__0718062b,fake,train,TalkingFace,0.9807002544403076,22,1,1,ucf_mean
Celeb-synthesis__TalkingFace__IP_LAP__id47_0002_test_id01333_D9Eylmbz4Ik__14836f1b,fake,train,TalkingFace,0.8890267876868553,47,1,1,ucf_mean
Celeb-synthesis__TalkingFace__IP_LAP__id4_0001_test_id03030_tAA7AHbEteI__4bd75861,fake,train,TalkingFace,0.9830682242617887,34,1,1,ucf_mean
Celeb-synthesis__TalkingFace__IP_LAP__id4_0003_test_id06484_oG2N7E2Pu60__3c126936,fake,train,TalkingFace,0.9194482873987269,27,1,1,ucf_mean
Celeb-synthesis__TalkingFace__IP_LAP__id52_0008_test_id02317_U9C74tfLcqc__22508245,fake,test,TalkingFace,0.9712382473728873,22,1,1,ucf_mean
Celeb-synthesis__TalkingFace__IP_LAP__id54_0003_test_id02317_B_Tih3Eph2k__e9dd2498,fake,test,TalkingFace,0.9736379482025324,43,1,1,ucf_mean
Celeb-synthesis__TalkingFace__IP_LAP__id57_0009_test_id02057__2WyFQMn6to__7572af35,fake,train,TalkingFace,0.9801961369812489,32,1,1,ucf_mean
Celeb-synthesis__TalkingFace__IP_LAP__id58_0000_test_id07354_nfIBEJYZG7o__d7c1857d,fake,train,TalkingFace,0.869414437030043,28,1,1,ucf_mean
Celeb-synthesis__TalkingFace__Real3DPortrait__id20_0008_test_id03524_GkvScYvOJ7o__60452cfc,fake,train,TalkingFace,0.9881117145220438,39,1,1,ucf_mean
Celeb-synthesis__TalkingFace__Real3DPortrait__id25_0000_test_id00866_1ki58847CNs__d63cff9f,fake,train,TalkingFace,0.8588627378145853,48,1,1,ucf_mean
Celeb-synthesis__TalkingFace__Real3DPortrait__id25_0001_test_id02542_YF501SIO5Mc__5ecc8306,fake,train,TalkingFace,0.9885261543095112,32,1,1,ucf_mean
Celeb-synthesis__TalkingFace__Real3DPortrait__id25_0008_test_id05999_Tqa_oC4TyJc__8bb48083,fake,train,TalkingFace,0.9963080516228309,13,1,1,ucf_mean
Celeb-synthesis__TalkingFace__Real3DPortrait__id28_0008_test_id02542_cwgUjse_REU__c0cf674e,fake,train,TalkingFace,0.9709762951423382,29,1,1,ucf_mean
Celeb-synthesis__TalkingFace__Real3DPortrait__id29_0007_test_id04253_5HYtpHHpsE0__4d4e4a7f,fake,val,TalkingFace,0.890745590130488,30,1,1,ucf_mean
Celeb-synthesis__TalkingFace__Real3DPortrait__id33_0006_test_id05714_wFGNufaMbDY__9a10a718,fake,train,TalkingFace,0.6930100123087565,30,1,1,ucf_mean
Celeb-synthesis__TalkingFace__Real3DPortrait__id34_0001_test_id02317_5moKZXlJTEs__099ebb58,fake,train,TalkingFace,0.7520977656046549,48,1,1,ucf_mean
Celeb-synthesis__TalkingFace__Real3DPortrait__id35_0007_test_id06310_N_524p1QzXQ__35cbe0f2,fake,train,TalkingFace,0.9172340013362743,27,1,1,ucf_mean
Celeb-synthesis__TalkingFace__Real3DPortrait__id37_0007_test_id05654_lgnVNGGeF7E__041cc191,fake,train,TalkingFace,0.8043363392353058,26,1,1,ucf_mean
Celeb-synthesis__TalkingFace__Real3DPortrait__id38_0000_test_id06811_iZWKAx9tmkk__eeab3496,fake,train,TalkingFace,0.9016220088188465,52,1,1,ucf_mean
Celeb-synthesis__TalkingFace__Real3DPortrait__id39_0008_test_id07494_XMEIdqio6ic__d11b7574,fake,train,TalkingFace,0.9135886743917303,59,1,1,ucf_mean
Celeb-synthesis__TalkingFace__Real3DPortrait__id40_0002_test_id08392_3e5zvNaT-eU__b5053e0f,fake,train,TalkingFace,0.9780578792095185,30,1,1,ucf_mean
Celeb-synthesis__TalkingFace__Real3DPortrait__id46_0003_test_id04276_sPZWjloFrg8__7fdd9a7a,fake,train,TalkingFace,0.8701634556055069,4,1,1,ucf_mean
Celeb-synthesis__TalkingFace__Real3DPortrait__id47_0003_test_id01822_taZoHZYN5-E__3a745d4b,fake,train,TalkingFace,0.5683961611341786,37,1,1,ucf_mean
Celeb-synthesis__TalkingFace__Real3DPortrait__id50_0003_test_id03382_NlRnEAJTS3Y__1fb1ed1b,fake,test,TalkingFace,0.8609444786001135,27,1,1,ucf_mean
Celeb-synthesis__TalkingFace__Real3DPortrait__id52_0005_test_id08392_AiCBF9JW-d8__5b87d047,fake,test,TalkingFace,0.8706000844637553,72,1,1,ucf_mean
Celeb-synthesis__TalkingFace__Real3DPortrait__id7_0000_test_id04119_CACsuwm13iI__94d25b36,fake,train,TalkingFace,0.9969906265085394,44,1,1,ucf_mean
Celeb-synthesis__TalkingFace__Real3DPortrait__id9_0004_test_id05055_1lsf8QC-Lck__d7e043f8,fake,train,TalkingFace,0.9514822761217753,30,1,1,ucf_mean
Celeb-synthesis__TalkingFace__SadTalker__id11_0010_test_id09017_I5fFZuGVAvs__48c1e842,fake,train,TalkingFace,0.9407945584792358,52,1,1,ucf_mean
Celeb-synthesis__TalkingFace__SadTalker__id13_0001_test_id00081_xjfPXNgzW6o__cc5a4571,fake,train,TalkingFace,0.7775777775575133,68,1,1,ucf_mean
Celeb-synthesis__TalkingFace__SadTalker__id13_0014_test_id04232_Ui7YgRJZ8YQ__f5d8175a,fake,train,TalkingFace,0.8803166953416971,26,1,1,ucf_mean
Celeb-synthesis__TalkingFace__SadTalker__id16_0006_test_id07620_l63wBe6oNrw__e34b65a7,fake,train,TalkingFace,0.9023234939575195,25,1,1,ucf_mean
Celeb-synthesis__TalkingFace__SadTalker__id19_0007_test_id01822_wV0Fl0ZN7Vg__395158c2,fake,test,TalkingFace,0.7667597138112591,31,1,1,ucf_mean
Celeb-synthesis__TalkingFace__SadTalker__id23_0001_test_id03862_6W_l9CHyUZg__6bb62c2a,fake,test,TalkingFace,0.4667484536767006,16,0,1,ucf_mean
Celeb-synthesis__TalkingFace__SadTalker__id25_0004_test_id01593_tLFWX-IdAwI__c675a9b2,fake,train,TalkingFace,0.7436443762532596,29,1,1,ucf_mean
Celeb-synthesis__TalkingFace__SadTalker__id27_0008_test_id04119_6S22oDDSe4g__02381c44,fake,train,TalkingFace,0.8570099549634116,70,1,1,ucf_mean
Celeb-synthesis__TalkingFace__SadTalker__id28_0004_test_id06811_ImzUwwYU6SQ__ea2d8f19,fake,train,TalkingFace,0.5392336616149316,13,1,1,ucf_mean
Celeb-synthesis__TalkingFace__SadTalker__id2_0007_test_id03127_QAySEL63CLw__03ef5aa6,fake,train,TalkingFace,0.2752091215345366,29,0,1,ucf_mean
Celeb-synthesis__TalkingFace__SadTalker__id37_0006_test_id06209_a_65cw09BjY__56819129,fake,train,TalkingFace,0.3031190563407209,27,0,1,ucf_mean
Celeb-synthesis__TalkingFace__SadTalker__id39_0006_test_id08696_nWfOgj03gag__75653d8f,fake,train,TalkingFace,0.9701721838542393,35,1,1,ucf_mean
Celeb-synthesis__TalkingFace__SadTalker__id50_0003_test_id03382_NlRnEAJTS3Y__1d0fa42c,fake,test,TalkingFace,0.7668100463019477,27,1,1,ucf_mean
Celeb-synthesis__TalkingFace__SadTalker__id52_0001_test_id05999_nDjFzNd5qNQ__09ca3e40,fake,test,TalkingFace,0.9104407297240363,27,1,1,ucf_mean
Celeb-synthesis__TalkingFace__SadTalker__id54_0002_test_id03981_WtHDD38CbYE__17aa1a91,fake,test,TalkingFace,0.855249064702254,65,1,1,ucf_mean
Celeb-synthesis__TalkingFace__SadTalker__id57_0009_test_id01333_LI6eLfuTn6I__f10b1e35,fake,train,TalkingFace,0.6487878283549999,29,1,1,ucf_mean
Celeb-synthesis__TalkingFace__SadTalker__id60_0003_test_id07868_G6yM82HVOKI__38ad5563,fake,train,TalkingFace,0.6278292749609266,28,1,1,ucf_mean
Celeb-synthesis__TalkingFace__SadTalker__id8_0001_test_id01460_Es6CkRmkIBY__2255fece,fake,test,TalkingFace,0.453453371158013,26,0,1,ucf_mean
YouTube-real__00000__5e10c2a6,real,train,,0.7144046173493067,75,1,0,ucf_mean
YouTube-real__00001__94129e59,real,train,,0.7324329239981515,70,1,0,ucf_mean
YouTube-real__00005__e68880de,real,train,,0.4731335064444022,78,0,0,ucf_mean
YouTube-real__00006__11c15a14,real,test,,0.8516968694733985,81,1,0,ucf_mean
YouTube-real__00008__28dc0846,real,train,,0.8627410553395748,80,1,0,ucf_mean
YouTube-real__00011__75a0cff7,real,train,,0.7230566751353348,79,1,0,ucf_mean
YouTube-real__00012__3a81ebd4,real,test,,0.25113288507755116,67,0,0,ucf_mean
YouTube-real__00013__3f4d1b10,real,train,,0.7895242490723163,79,1,0,ucf_mean
YouTube-real__00015__ccd8f38b,real,test,,0.34876205782229835,74,0,0,ucf_mean
YouTube-real__00016__8a41b01a,real,test,,0.6561363151779881,54,1,0,ucf_mean
YouTube-real__00017__c305fbef,real,val,,0.8616505328645098,47,1,0,ucf_mean
YouTube-real__00023__e371a1eb,real,train,,0.42403602256224704,78,0,0,ucf_mean
YouTube-real__00024__21bb6f4b,real,test,,0.9359906296367231,92,1,0,ucf_mean
YouTube-real__00025__db3eb10e,real,test,,0.4778996240111846,79,0,0,ucf_mean
YouTube-real__00026__3c44e9f3,real,train,,0.13241411900768674,84,0,0,ucf_mean
YouTube-real__00027__99be8380,real,train,,0.41788716209523474,81,0,0,ucf_mean
YouTube-real__00028__a0c7c79c,real,train,,0.6569668218682084,79,1,0,ucf_mean
YouTube-real__00030__1b6e47ad,real,train,,0.7275542092474201,79,1,0,ucf_mean
YouTube-real__00031__72060a50,real,train,,0.6142078126178069,85,1,0,ucf_mean
YouTube-real__00032__5808c82b,real,train,,0.7638459627827009,78,1,0,ucf_mean
YouTube-real__00033__e54bf5b0,real,test,,0.9763254329755708,77,1,0,ucf_mean
YouTube-real__00035__97d80fd9,real,test,,0.5033250666138801,77,1,0,ucf_mean
YouTube-real__00037__a09736d0,real,train,,0.9375357494542473,76,1,0,ucf_mean
YouTube-real__00038__9fde613b,real,test,,0.5039885609577863,78,1,0,ucf_mean
YouTube-real__00041__277d6bef,real,val,,0.352320894108791,76,0,0,ucf_mean
YouTube-real__00043__3feb2a5e,real,train,,0.23915217644711834,79,0,0,ucf_mean
YouTube-real__00044__9b1b666f,real,train,,0.697383773441498,78,1,0,ucf_mean
YouTube-real__00045__8dd9a58f,real,train,,0.4780653543867074,77,0,0,ucf_mean
YouTube-real__00046__f25fb607,real,train,,0.6740569002643416,79,1,0,ucf_mean
YouTube-real__00047__ddcd50e0,real,train,,0.93769569585963,82,1,0,ucf_mean
YouTube-real__00048__4fd889df,real,train,,0.9390833271138462,81,1,0,ucf_mean
YouTube-real__00049__fc07b784,real,train,,0.29136747648008166,80,0,0,ucf_mean
YouTube-real__00050__d005a88f,real,test,,0.8309626594374452,79,1,0,ucf_mean
YouTube-real__00051__7c950efb,real,val,,0.6032335279930022,62,1,0,ucf_mean
YouTube-real__00052__6d571b17,real,train,,0.6342484064591236,78,1,0,ucf_mean
YouTube-real__00053__aa10062c,real,train,,0.666654782799574,78,1,0,ucf_mean
YouTube-real__00055__e841059e,real,test,,0.8227598818066792,78,1,0,ucf_mean
YouTube-real__00057__50c336b0,real,train,,0.518695686203547,78,1,0,ucf_mean
YouTube-real__00058__29f03de6,real,train,,0.8429499549024245,85,1,0,ucf_mean
YouTube-real__00059__817dd5d4,real,train,,0.2015362937427774,79,0,0,ucf_mean
YouTube-real__00060__7b2828f1,real,train,,0.7697788078337908,80,1,0,ucf_mean
YouTube-real__00061__072a139e,real,train,,0.6709475843370825,69,1,0,ucf_mean
YouTube-real__00062__5f3cac2e,real,train,,0.5562534808181226,80,1,0,ucf_mean
YouTube-real__00063__89546de2,real,train,,0.7640445668250322,80,1,0,ucf_mean
YouTube-real__00064__25534500,real,test,,0.5170096133628653,72,1,0,ucf_mean
YouTube-real__00068__86a893bb,real,train,,0.947083780169487,80,1,0,ucf_mean
YouTube-real__00069__0ba4fb30,real,train,,0.5255141249961324,72,1,0,ucf_mean
YouTube-real__00071__cce69df6,real,train,,0.7029155804830439,85,1,0,ucf_mean
YouTube-real__00072__3c790bf8,real,train,,0.7116120100021363,80,1,0,ucf_mean
YouTube-real__00073__d03d1650,real,train,,0.6058858832810075,80,1,0,ucf_mean
YouTube-real__00074__c26b8ab8,real,train,,0.907630980014801,79,1,0,ucf_mean
YouTube-real__00075__0ae7a63e,real,test,,0.42370310512996173,79,0,0,ucf_mean
YouTube-real__00076__257a92ad,real,train,,0.507233559107408,80,1,0,ucf_mean
YouTube-real__00078__7fcc5ffb,real,train,,0.49838494745696466,82,0,0,ucf_mean
YouTube-real__00079__ed2159b2,real,train,,0.5071764291479037,65,1,0,ucf_mean
YouTube-real__00080__51683885,real,train,,0.7224700301885605,80,1,0,ucf_mean
YouTube-real__00083__a4b1f59c,real,train,,0.20418280547795192,60,0,0,ucf_mean
YouTube-real__00085__977be2be,real,train,,0.713354413617741,110,1,0,ucf_mean
YouTube-real__00087__f326e141,real,train,,0.7513417834654833,78,1,0,ucf_mean
YouTube-real__00088__082b4c4c,real,test,,0.964931638844042,83,1,0,ucf_mean
YouTube-real__00090__10f688ee,real,train,,0.3809146154671907,70,0,0,ucf_mean
YouTube-real__00091__68a37a65,real,train,,0.8117383765546899,76,1,0,ucf_mean
YouTube-real__00094__4160a4f5,real,val,,0.8601799447467362,69,1,0,ucf_mean
YouTube-real__00096__5cc42443,real,test,,0.8490510904321483,51,1,0,ucf_mean
YouTube-real__00097__34f01da9,real,train,,0.7479072658433801,84,1,0,ucf_mean
YouTube-real__00099__65380240,real,test,,0.6379647213651474,83,1,0,ucf_mean
YouTube-real__00100__28471f0d,real,val,,0.7215204677554998,89,1,0,ucf_mean
YouTube-real__00104__06a37790,real,train,,0.7979897924122357,84,1,0,ucf_mean
YouTube-real__00106__c2af865d,real,train,,0.8401937273415652,55,1,0,ucf_mean
YouTube-real__00108__70cd3b50,real,train,,0.9001426480710506,80,1,0,ucf_mean
YouTube-real__00112__99abea57,real,train,,0.6572083621285856,80,1,0,ucf_mean
YouTube-real__00113__c3b702ab,real,val,,0.6879229722988038,84,1,0,ucf_mean
YouTube-real__00115__5ebb8093,real,train,,0.5511114058586267,52,1,0,ucf_mean
YouTube-real__00116__c30eeafc,real,train,,0.4752392449145076,79,0,0,ucf_mean
YouTube-real__00117__bdf249b7,real,train,,0.7433930676091801,77,1,0,ucf_mean
YouTube-real__00118__9d087595,real,train,,0.45589221499954596,79,0,0,ucf_mean
YouTube-real__00119__e4f2f08c,real,train,,0.5997101415840673,71,1,0,ucf_mean
YouTube-real__00121__15f8d3f7,real,train,,0.5323929619999268,78,1,0,ucf_mean
YouTube-real__00122__bb05a29b,real,train,,0.08941684541155076,61,0,0,ucf_mean
YouTube-real__00123__90f3671c,real,train,,0.5214077342009428,51,1,0,ucf_mean
YouTube-real__00124__10aa7687,real,train,,0.5582673604219732,71,1,0,ucf_mean
YouTube-real__00125__e5eb87b1,real,train,,0.9661236227826869,47,1,0,ucf_mean
YouTube-real__00127__3264da78,real,test,,0.9607420188409311,81,1,0,ucf_mean
YouTube-real__00129__572e2c73,real,train,,0.5651807896792889,78,1,0,ucf_mean
YouTube-real__00131__070a3ab1,real,train,,0.8687470485766728,60,1,0,ucf_mean
YouTube-real__00133__a93670e2,real,train,,0.7875867635011673,84,1,0,ucf_mean
YouTube-real__00134__d5e585d9,real,test,,0.9289315902156594,81,1,0,ucf_mean
YouTube-real__00135__255b0e64,real,train,,0.818388828786753,59,1,0,ucf_mean
YouTube-real__00136__8fcc69b3,real,train,,0.7112257413718165,49,1,0,ucf_mean
YouTube-real__00138__5b8f49e2,real,train,,0.5933188503539121,81,1,0,ucf_mean
YouTube-real__00139__e7770bb3,real,val,,0.4455807665262812,93,0,0,ucf_mean
YouTube-real__00140__42111c89,real,train,,0.4269231377984397,64,0,0,ucf_mean
YouTube-real__00141__7a6b2440,real,val,,0.46016798555850985,75,0,0,ucf_mean
YouTube-real__00143__a1040d38,real,train,,0.8418413226480608,77,1,0,ucf_mean
YouTube-real__00144__b7e7cfed,real,train,,0.510221950317684,76,1,0,ucf_mean
YouTube-real__00146__85d6bb79,real,test,,0.28197060063604473,121,0,0,ucf_mean
YouTube-real__00147__320f9c80,real,test,,0.7169545102258061,86,1,0,ucf_mean
YouTube-real__00149__38bf8552,real,train,,0.33788406521301056,85,0,0,ucf_mean
YouTube-real__00151__fcfd2fdc,real,train,,0.7983080773126512,84,1,0,ucf_mean
YouTube-real__00153__7b5e6055,real,train,,0.7676873032639666,82,1,0,ucf_mean
YouTube-real__00157__6f226d5a,real,test,,0.5790302842358748,75,1,0,ucf_mean
YouTube-real__00158__4c71694b,real,train,,0.5291422474149027,76,1,0,ucf_mean
YouTube-real__00162__f3fecc3a,real,train,,0.5777338901162148,75,1,0,ucf_mean
YouTube-real__00163__a2bc8a94,real,train,,0.5532983843702823,80,1,0,ucf_mean
YouTube-real__00164__9b5cf88e,real,train,,0.968246267600493,88,1,0,ucf_mean
YouTube-real__00165__3f9f6ba4,real,train,,0.8443031167682213,79,1,0,ucf_mean
YouTube-real__00166__c51d6bde,real,test,,0.05868996163429334,79,0,0,ucf_mean
YouTube-real__00167__272a6fd1,real,train,,0.45223561152815817,80,0,0,ucf_mean
YouTube-real__00170__5100f184,real,train,,0.9320986270904541,58,1,0,ucf_mean
YouTube-real__00172__5894f923,real,test,,0.31000669294242134,59,0,0,ucf_mean
YouTube-real__00174__9cf35370,real,train,,0.4917843496809021,78,0,0,ucf_mean
YouTube-real__00176__2541ebaa,real,train,,0.7010361537484839,101,1,0,ucf_mean
YouTube-real__00181__1669ed2f,real,train,,0.8489505206093644,66,1,0,ucf_mean
YouTube-real__00182__1a9e3389,real,train,,0.264090140373446,80,0,0,ucf_mean
YouTube-real__00183__c06a5d03,real,train,,0.8845982052559076,86,1,0,ucf_mean
YouTube-real__00184__de20d94a,real,val,,0.22904153896543455,78,0,0,ucf_mean
YouTube-real__00185__f8ead19f,real,train,,0.8215155410992948,79,1,0,ucf_mean
YouTube-real__00186__ca42bb19,real,val,,0.6788430118385483,85,1,0,ucf_mean
YouTube-real__00188__1dfcd8c6,real,test,,0.7930917856283486,80,1,0,ucf_mean
YouTube-real__00189__1413f3c4,real,train,,0.3552861299527728,69,0,0,ucf_mean
YouTube-real__00191__f212fe17,real,train,,0.6217317701996984,74,1,0,ucf_mean
YouTube-real__00192__40a2635f,real,test,,0.21513554774507687,79,0,0,ucf_mean
YouTube-real__00193__244ee452,real,train,,0.547891962073617,59,1,0,ucf_mean
YouTube-real__00194__b4e07ea5,real,val,,0.26125218292891783,77,0,0,ucf_mean
YouTube-real__00196__a95352ad,real,test,,0.5458945648744702,80,1,0,ucf_mean
YouTube-real__00199__6d337691,real,train,,0.753263083845377,80,1,0,ucf_mean
YouTube-real__00201__4a381149,real,train,,0.9418378588441131,77,1,0,ucf_mean
YouTube-real__00202__8d69b06d,real,train,,0.866352953016758,84,1,0,ucf_mean
YouTube-real__00203__13a46be8,real,test,,0.6548597273918298,52,1,0,ucf_mean
YouTube-real__00204__52004e3b,real,test,,0.8257169284117527,78,1,0,ucf_mean
YouTube-real__00205__7e19abde,real,test,,0.5599198395778474,76,1,0,ucf_mean
YouTube-real__00206__5a5fdf70,real,test,,0.6262770526503262,76,1,0,ucf_mean
YouTube-real__00207__44d1e320,real,test,,0.6506581150350117,21,1,0,ucf_mean
YouTube-real__00209__8f67994d,real,train,,0.5741855206040593,77,1,0,ucf_mean
YouTube-real__00210__180dbb4a,real,val,,0.9053845434796577,102,1,0,ucf_mean
YouTube-real__00211__99b3551d,real,train,,0.08053235476180698,71,0,0,ucf_mean
YouTube-real__00212__a9232d2e,real,train,,0.6889527103175288,69,1,0,ucf_mean
YouTube-real__00213__b52f3036,real,test,,0.32676331916606266,77,0,0,ucf_mean
YouTube-real__00214__25dcc0b1,real,test,,0.5034217817957203,75,1,0,ucf_mean
YouTube-real__00215__e09120fc,real,train,,0.7718653550630883,79,1,0,ucf_mean
YouTube-real__00218__b37c7665,real,train,,0.8336206410080195,80,1,0,ucf_mean
YouTube-real__00219__142de838,real,train,,0.5038593510786692,81,1,0,ucf_mean
YouTube-real__00222__7743d1ea,real,train,,0.381496167073074,78,0,0,ucf_mean
YouTube-real__00223__600bf6c4,real,train,,0.7650378435850144,80,1,0,ucf_mean
YouTube-real__00225__88138c5b,real,train,,0.4456079273413007,78,0,0,ucf_mean
YouTube-real__00226__712b6779,real,train,,0.6416975045815493,78,1,0,ucf_mean
YouTube-real__00227__ad8ab050,real,train,,0.8466127103642572,79,1,0,ucf_mean
YouTube-real__00228__d50177f3,real,train,,0.5033104401317579,79,1,0,ucf_mean
YouTube-real__00229__72a9c587,real,train,,0.6780210477247667,89,1,0,ucf_mean
YouTube-real__00230__35a17f52,real,train,,0.13683587446269624,76,0,0,ucf_mean
YouTube-real__00231__580f5e23,real,train,,0.5280925189144909,80,1,0,ucf_mean
YouTube-real__00232__b34c4a44,real,train,,0.9213363520706757,79,1,0,ucf_mean
YouTube-real__00233__3d23bf8d,real,train,,0.6939563656655642,78,1,0,ucf_mean
YouTube-real__00235__08165908,real,train,,0.42774603484445306,83,0,0,ucf_mean
YouTube-real__00236__c5c3da48,real,val,,0.710075706243515,78,1,0,ucf_mean
YouTube-real__00237__aaeb197a,real,test,,0.8348271791872225,76,1,0,ucf_mean
YouTube-real__00238__559c7888,real,val,,0.9343255422484706,71,1,0,ucf_mean
YouTube-real__00239__1cbd5fb4,real,train,,0.08467631824090174,83,0,0,ucf_mean
YouTube-real__00240__656faf6d,real,test,,0.7612932330068154,79,1,0,ucf_mean
YouTube-real__00241__65558a5a,real,test,,0.8428320876757304,75,1,0,ucf_mean
YouTube-real__00242__81fa9322,real,train,,0.5195097879984895,74,1,0,ucf_mean
YouTube-real__00244__68f8105b,real,train,,0.7310931345029753,49,1,0,ucf_mean
YouTube-real__00245__fb7f3aeb,real,train,,0.5882938044766585,78,1,0,ucf_mean
YouTube-real__00246__bc0e9215,real,train,,0.5801273819647337,76,1,0,ucf_mean
YouTube-real__00247__bafef148,real,train,,0.9774510455437195,78,1,0,ucf_mean
YouTube-real__00249__6229394d,real,train,,0.37392298005863855,87,0,0,ucf_mean
YouTube-real__00253__3e62ae98,real,train,,0.3079938736998222,44,0,0,ucf_mean
YouTube-real__00254__fb953dce,real,train,,0.872071338005555,78,1,0,ucf_mean
YouTube-real__00255__e1eeab9f,real,test,,0.7462787701273864,53,1,0,ucf_mean
YouTube-real__00257__8805be53,real,train,,0.11418823604644444,54,0,0,ucf_mean
YouTube-real__00258__bd14c027,real,val,,0.6176026413676801,77,1,0,ucf_mean
YouTube-real__00259__d5183b8c,real,val,,0.8877826404792292,54,1,0,ucf_mean
YouTube-real__00260__c283544b,real,train,,0.743306095588882,53,1,0,ucf_mean
YouTube-real__00261__10d485b1,real,val,,0.5769144268361507,54,1,0,ucf_mean
YouTube-real__00263__06a11c4b,real,train,,0.9848102309487082,55,1,0,ucf_mean
YouTube-real__00264__742b463d,real,test,,0.7194855741734775,53,1,0,ucf_mean
YouTube-real__00266__dcaa5381,real,train,,0.1820267250592058,55,0,0,ucf_mean
YouTube-real__00269__8f759e63,real,test,,0.5232603642738091,53,1,0,ucf_mean
YouTube-real__00271__913c0e25,real,train,,0.8874310121244314,49,1,0,ucf_mean
YouTube-real__00273__605ccac8,real,train,,0.6607187086785281,54,1,0,ucf_mean
YouTube-real__00274__31f29b02,real,train,,0.5238628785138006,77,1,0,ucf_mean
YouTube-real__00275__c58c1091,real,train,,0.7849263993950634,77,1,0,ucf_mean
YouTube-real__00276__9a515823,real,val,,0.8272000253200531,77,1,0,ucf_mean
YouTube-real__00277__3ea46f7a,real,val,,0.6288908891952955,78,1,0,ucf_mean
YouTube-real__00279__02025645,real,train,,0.7457136986287016,76,1,0,ucf_mean
YouTube-real__00280__754b5085,real,train,,0.6885269656777382,65,1,0,ucf_mean
YouTube-real__00284__789c2f97,real,train,,0.510330958578449,78,1,0,ucf_mean
YouTube-real__00285__52a37262,real,train,,0.7991047990322113,75,1,0,ucf_mean
YouTube-real__00286__8f69328e,real,test,,0.8678128142635544,77,1,0,ucf_mean
YouTube-real__00287__fc4b8832,real,train,,0.5930846392726287,78,1,0,ucf_mean
YouTube-real__00288__f999c0a9,real,train,,0.6093700205600714,79,1,0,ucf_mean
YouTube-real__00289__c94c693d,real,train,,0.4982638181942814,53,0,0,ucf_mean
YouTube-real__00290__7ac8edda,real,train,,0.6955126371089514,77,1,0,ucf_mean
YouTube-real__00291__3b395670,real,train,,0.8720799272323584,77,1,0,ucf_mean
YouTube-real__00293__e8dac697,real,train,,0.5845598690211773,71,1,0,ucf_mean
YouTube-real__00294__a3f90dd1,real,train,,0.7383233248477891,84,1,0,ucf_mean
YouTube-real__00295__62c37f3f,real,train,,0.3431935402515687,76,0,0,ucf_mean
YouTube-real__00297__5ed0e455,real,train,,0.17970843821763988,75,0,0,ucf_mean
YouTube-real__00298__642f40c0,real,val,,0.8404769467843043,77,1,0,ucf_mean
YouTube-real__00299__34b4d680,real,train,,0.7012784668268301,78,1,0,ucf_mean
