video_id,label,prediction,forgery_family,variant
Celeb-real__id0_0002__9e73ac85,0,0.4967135787010193,,det_only
Celeb-real__id0_0005__c45f0938,0,0.56360924243927,,det_only
Celeb-real__id0_0007__4f22f911,0,0.5314392447471619,,det_only
Celeb-real__id21_0004__b521a825,0,0.5011054277420044,,det_only
Celeb-real__id21_0006__c1f0a997,0,0.538830041885376,,det_only
Celeb-real__id21_0009__9d9be594,0,0.5729585289955139,,det_only
Celeb-real__id34_0003__183925b6,0,0.568097710609436,,det_only
Celeb-real__id34_0004__7db04b4e,0,0.5163930058479309,,det_only
Celeb-real__id34_0009__cd230554,0,0.5190982222557068,,det_only
Celeb-real__id37_0000__a1988105,0,0.5108713507652283,,det_only
Celeb-real__id37_0003__a8a97d1d,0,0.5663531422615051,,det_only
Celeb-real__id37_0004__0ec64f6f,0,0.5088134407997131,,det_only
Celeb-real__id37_0008__7244b78f,0,0.5196224451065063,,det_only
Celeb-real__id3_0001__9ceb5ffd,0,0.5314800143241882,,det_only
Celeb-real__id3_0002__761ecc87,0,0.504306972026825,,det_only
Celeb-real__id3_0005__7f0fa90a,0,0.5150570273399353,,det_only
Celeb-real__id46_0000__93f42a4a,0,0.6917620897293091,,det_only
Celeb-real__id46_0006__27fde28d,0,0.5575863122940063,,det_only
Celeb-real__id46_0008__e5716b99,0,0.5250443816184998,,det_only
Celeb-real__id55_0000__9e5c7685,0,0.5917432904243469,,det_only
Celeb-real__id55_0005__d9a183f5,0,0.6182119250297546,,det_only
Celeb-real__id56_0003__06f01a30,0,0.5247253775596619,,det_only
Celeb-real__id56_0006__6cc25ad3,0,0.648750364780426,,det_only
Celeb-real__id58_0000__36c33935,0,0.531700849533081,,det_only
Celeb-real__id58_0001__42cd9f6d,0,0.550435483455658,,det_only
Celeb-real__id58_0005__438712ba,0,0.6009998321533203,,det_only
Celeb-real__id58_0006__b46dcb57,0,0.5408516526222229,,det_only
Celeb-real__id58_0009__90542e80,0,0.6026063561439514,,det_only
Celeb-synthesis__FaceReenact__FSRT__id0_id26_0001__3573a8ce,1,0.6954906582832336,FaceReenact,det_only
Celeb-synthesis__FaceReenact__FSRT__id0_id28_0009__d2827330,1,0.6919381618499756,FaceReenact,det_only
Celeb-synthesis__FaceReenact__FSRT__id37_id32_0004__845efdbf,1,0.5199989080429077,FaceReenact,det_only
Celeb-synthesis__FaceReenact__FSRT__id37_id34_0003__b354740c,1,0.6633782982826233,FaceReenact,det_only
Celeb-synthesis__FaceReenact__FSRT__id37_id35_0007__a7eb7a78,1,0.6558358669281006,FaceReenact,det_only
Celeb-synthesis__FaceReenact__FSRT__id3_id37_0008__fa2d74cb,1,0.5738316178321838,FaceReenact,det_only
Celeb-synthesis__FaceReenact__HyperReenact__id37_id38_0000__58851390,1,0.7025347948074341,FaceReenact,det_only
Celeb-synthesis__FaceReenact__HyperReenact__id58_id55_0007__3de1c320,1,0.5648891925811768,FaceReenact,det_only
Celeb-synthesis__FaceReenact__LIA__id21_id19_0009__c57838b7,1,0.7354514598846436,FaceReenact,det_only
Celeb-synthesis__FaceReenact__LIA__id37_id30_0006__1f21bab0,1,0.6597549915313721,FaceReenact,det_only
Celeb-synthesis__FaceReenact__LIA__id37_id3_0002__1980f13d,1,0.5897688269615173,FaceReenact,det_only
Celeb-synthesis__FaceReenact__LivePortrait__id37_id17_0007__38f66beb,1,0.5650036334991455,FaceReenact,det_only
Celeb-synthesis__FaceReenact__LivePortrait__id46_id39_0005__080a8282,1,0.7416006326675415,FaceReenact,det_only
Celeb-synthesis__FaceReenact__MCNET__id56_id58_0001__10f6feba,1,0.7426396608352661,FaceReenact,det_only
Celeb-synthesis__FaceReenact__TPSMM__id21_id4_0005__de7b74d0,1,0.6738525032997131,FaceReenact,det_only
Celeb-synthesis__FaceReenact__TPSMM__id34_id37_0003__351fba12,1,0.7077614665031433,FaceReenact,det_only
Celeb-synthesis__FaceReenact__TPSMM__id37_id2_0006__88d6aa87,1,0.6526882648468018,FaceReenact,det_only
Celeb-synthesis__FaceReenact__TPSMM__id55_id50_0003__fa2057e7,1,0.7377308011054993,FaceReenact,det_only
Celeb-synthesis__FaceSwap__BlendFace__id21_id33_0007__531793ba,1,0.7564636468887329,FaceSwap,det_only
Celeb-synthesis__FaceSwap__BlendFace__id21_id38_0006__06b34f34,1,0.6271526217460632,FaceSwap,det_only
Celeb-synthesis__FaceSwap__BlendFace__id34_id29_0005__63148c5f,1,0.5419139266014099,FaceSwap,det_only
Celeb-synthesis__FaceSwap__Celeb-DF-v2__id34_id38_0002__4abfc322,1,0.6575489044189453,FaceSwap,det_only
Celeb-synthesis__FaceSwap__Celeb-DF-v2__id37_id29_0005__03f28283,1,0.699803352355957,FaceSwap,det_only
Celeb-synthesis__FaceSwap__GHOST__id21_id16_0000__334dbd73,1,0.554308295249939,FaceSwap,det_only
Celeb-synthesis__FaceSwap__GHOST__id21_id19_0007__eb61d230,1,0.7071948647499084,FaceSwap,det_only
Celeb-synthesis__FaceSwap__GHOST__id3_id37_0004__b55bff33,1,0.7447559833526611,FaceSwap,det_only
Celeb-synthesis__FaceSwap__HifiFace__id34_id30_0002__9077bfe5,1,0.5757514834403992,FaceSwap,det_only
Celeb-synthesis__FaceSwap__HifiFace__id37_id6_0003__6494f22f,1,0.7423322796821594,FaceSwap,det_only
Celeb-synthesis__FaceSwap__HifiFace__id3_id1_0006__82952ecc,1,0.6121920347213745,FaceSwap,det_only
Celeb-synthesis__FaceSwap__InSwapper__id0_id28_0001__875f15cb,1,0.7370579242706299,FaceSwap,det_only
Celeb-synthesis__FaceSwap__InSwapper__id0_id3_0001__007dbeac,1,0.7579079270362854,FaceSwap,det_only
Celeb-synthesis__FaceSwap__InSwapper__id37_id6_0005__42ed641e,1,0.7541213631629944,FaceSwap,det_only
Celeb-synthesis__FaceSwap__InSwapper__id46_id43_0008__568b5447,1,0.6393754482269287,FaceSwap,det_only
Celeb-synthesis__FaceSwap__MobileFaceSwap__id21_id1_0005__4efe912a,1,0.5185121297836304,FaceSwap,det_only
Celeb-synthesis__FaceSwap__MobileFaceSwap__id37_id26_0003__4f3472b6,1,0.6139028668403625,FaceSwap,det_only
Celeb-synthesis__FaceSwap__MobileFaceSwap__id3_id17_0009__ba920314,1,0.5690224170684814,FaceSwap,det_only
Celeb-synthesis__FaceSwap__MobileFaceSwap__id3_id37_0008__1c8dc7e6,1,0.6772950291633606,FaceSwap,det_only
Celeb-synthesis__FaceSwap__MobileFaceSwap__id46_id45_0005__7295e6c2,1,0.6248157620429993,FaceSwap,det_only
Celeb-synthesis__FaceSwap__SimSwap__id21_id20_0001__7af019bb,1,0.7230725288391113,FaceSwap,det_only
Celeb-synthesis__FaceSwap__SimSwap__id21_id33_0008__2d84b53d,1,0.5288680195808411,FaceSwap,det_only
Celeb-synthesis__FaceSwap__SimSwap__id21_id38_0005__910985a5,1,0.5606900453567505,FaceSwap,det_only
Celeb-synthesis__FaceSwap__SimSwap__id37_id26_0008__aef34d21,1,0.5330960750579834,FaceSwap,det_only
Celeb-synthesis__FaceSwap__SimSwap__id3_id20_0003__968a8c93,1,0.6379448175430298,FaceSwap,det_only
Celeb-synthesis__FaceSwap__UniFace__id37_id3_0007__ce1c0e99,1,0.5096235275268555,FaceSwap,det_only
Celeb-synthesis__FaceSwap__UniFace__id55_id49_0008__71e45bf7,1,0.7043644189834595,FaceSwap,det_only
Celeb-synthesis__TalkingFace__AniTalker__id55_0008_test_id01509_6wp2Lht90Fw__6cfb3a58,1,0.7002610564231873,TalkingFace,det_only
Celeb-synthesis__TalkingFace__AniTalker__id56_0006_test_id07494_HxLolmovgAs__e5e17e7a,1,0.719167172908783,TalkingFace,det_only
Celeb-synthesis__TalkingFace__EDTalk__id46_0003_test_id04276_sPZWjloFrg8__35172969,1,0.7253503203392029,TalkingFace,det_only
Celeb-synthesis__TalkingFace__EDTalk__id55_0007_test_id05176_zTGzM2koGAQ__402c07fb,1,0.6781421303749084,TalkingFace,det_only
Celeb-synthesis__TalkingFace__EDTalk__id56_0008_test_id08696_B8nZX3w62Fg__514b1da2,1,0.7617262601852417,TalkingFace,det_only
Celeb-synthesis__TalkingFace__EchoMimic__id21_0002_test_id03524_cxnnKLQYemo__332d8a6d,1,0.5964962840080261,TalkingFace,det_only
Celeb-synthesis__TalkingFace__EchoMimic__id21_0004_test_id04366_43BiUVlNy58__e81c9e8b,1,0.5179241895675659,TalkingFace,det_only
Celeb-synthesis__TalkingFace__FLOAT__id3_0002_test_id08552_7kf2EfS9G6Q__37c40363,1,0.5041360855102539,TalkingFace,det_only
Celeb-synthesis__TalkingFace__FLOAT__id58_0000_test_id02086__bhLunJkB1Y__5e474701,1,0.7226337790489197,TalkingFace,det_only
Celeb-synthesis__TalkingFace__FLOAT__id58_0004_test_id04536_ofq_mx53rf4__f56fd15f,1,0.5501897931098938,TalkingFace,det_only
Celeb-synthesis__TalkingFace__FLOAT__id58_0004_test_id08374_CMT4yP1eAug__8908a8ef,1,0.5332409739494324,TalkingFace,det_only
Celeb-synthesis__TalkingFace__FLOAT__id58_0008_test_id03127_Lgd5qn2-kMo__4f97346a,1,0.7425699830055237,TalkingFace,det_only
Celeb-synthesis__TalkingFace__IP_LAP__id34_0008_test_id04232_T7dROCqmwNQ__745f8ce8,1,0.7323172092437744,TalkingFace,det_only
Celeb-synthesis__TalkingFace__IP_LAP__id37_0000_test_id04232_lcNvUKfW9tY__1e6b4fb6,1,0.6467116475105286,TalkingFace,det_only
Celeb-synthesis__TalkingFace__IP_LAP__id37_0004_test_id01228_ji5bXRNaUtQ__bf24620a,1,0.5840837359428406,TalkingFace,det_only
Celeb-synthesis__TalkingFace__IP_LAP__id3_0005_test_id04950_beeuwSz8XZU__f26a219b,1,0.7349894046783447,TalkingFace,det_only
Celeb-synthesis__TalkingFace__IP_LAP__id3_0006_test_id03178_FDfJLMr1-_o__fe0b3aa9,1,0.6874818205833435,TalkingFace,det_only
Celeb-synthesis__TalkingFace__IP_LAP__id58_0000_test_id07354_nfIBEJYZG7o__d7c1857d,1,0.6927298903465271,TalkingFace,det_only
Celeb-synthesis__TalkingFace__Real3DPortrait__id34_0001_test_id02317_5moKZXlJTEs__099ebb58,1,0.6257925033569336,TalkingFace,det_only
Celeb-synthesis__TalkingFace__Real3DPortrait__id37_0007_test_id05654_lgnVNGGeF7E__041cc191,1,0.654549777507782,TalkingFace,det_only
Celeb-synthesis__TalkingFace__Real3DPortrait__id46_0003_test_id04276_sPZWjloFrg8__7fdd9a7a,1,0.6931569576263428,TalkingFace,det_only
Celeb-synthesis__TalkingFace__SadTalker__id37_0006_test_id06209_a_65cw09BjY__56819129,1,0.5154185891151428,TalkingFace,det_only
YouTube-real__00011__75a0cff7,0,0.6117545366287231,,det_only
YouTube-real__00027__99be8380,0,0.5303983688354492,,det_only
YouTube-real__00037__a09736d0,0,0.7331308126449585,,det_only
YouTube-real__00046__f25fb607,0,0.587654173374176,,det_only
YouTube-real__00052__6d571b17,0,0.5717490315437317,,det_only
YouTube-real__00060__7b2828f1,0,0.6348990797996521,,det_only
YouTube-real__00069__0ba4fb30,0,0.5491364002227783,,det_only
YouTube-real__00076__257a92ad,0,0.5445724725723267,,det_only
YouTube-real__00085__977be2be,0,0.6070217490196228,,det_only
YouTube-real__00097__34f01da9,0,0.623779296875,,det_only
YouTube-real__00112__99abea57,0,0.5798003077507019,,det_only
YouTube-real__00118__9d087595,0,0.533869206905365,,det_only
YouTube-real__00124__10aa7687,0,0.5569919943809509,,det_only
YouTube-real__00135__255b0e64,0,0.6628811955451965,,det_only
YouTube-real__00141__7a6b2440,0,0.5342124104499817,,det_only
YouTube-real__00153__7b5e6055,0,0.6336944699287415,,det_only
YouTube-real__00165__3f9f6ba4,0,0.6782220005989075,,det_only
YouTube-real__00181__1669ed2f,0,0.6809341311454773,,det_only
YouTube-real__00186__ca42bb19,0,0.5900288820266724,,det_only
YouTube-real__00199__6d337691,0,0.6263515949249268,,det_only
YouTube-real__00211__99b3551d,0,0.49744394421577454,,det_only
YouTube-real__00222__7743d1ea,0,0.5256531834602356,,det_only
YouTube-real__00228__d50177f3,0,0.5435919761657715,,det_only
YouTube-real__00233__3d23bf8d,0,0.597499430179596,,det_only
YouTube-real__00242__81fa9322,0,0.5476382970809937,,det_only
YouTube-real__00249__6229394d,0,0.524665117263794,,det_only
YouTube-real__00259__d5183b8c,0,0.7031078338623047,,det_only
YouTube-real__00271__913c0e25,0,0.7029110789299011,,det_only
YouTube-real__00277__3ea46f7a,0,0.5699295401573181,,det_only
YouTube-real__00287__fc4b8832,0,0.5633788108825684,,det_only
YouTube-real__00293__e8dac697,0,0.561816930770874,,det_only
YouTube-real__00298__642f40c0,0,0.6759800314903259,,det_only
Celeb-real__id17_0000__0521aab4,0,0.5417656302452087,,det_only
Celeb-real__id17_0001__a0719102,0,0.48264434933662415,,det_only
Celeb-real__id17_0002__d232e7d9,0,0.5352624654769897,,det_only
Celeb-real__id17_0004__8604701a,0,0.4044904112815857,,det_only
Celeb-real__id17_0005__bae771c0,0,0.38755857944488525,,det_only
Celeb-real__id17_0006__abf1d2f4,0,0.3871361315250397,,det_only
Celeb-real__id17_0007__edded8c0,0,0.4668203592300415,,det_only
Celeb-real__id17_0009__3a95f883,0,0.5008940100669861,,det_only
Celeb-real__id28_0002__b550bd30,0,0.4201670289039612,,det_only
Celeb-real__id28_0004__b60ae3e1,0,0.5458565950393677,,det_only
Celeb-real__id39_0002__8d39e660,0,0.47313398122787476,,det_only
Celeb-real__id39_0004__33c35a06,0,0.3903437852859497,,det_only
Celeb-real__id39_0007__d3f57761,0,0.469005286693573,,det_only
Celeb-real__id48_0000__ec9dda45,0,0.4502306282520294,,det_only
Celeb-real__id48_0001__5275fefb,0,0.3988388180732727,,det_only
Celeb-real__id48_0005__ca92396c,0,0.39322930574417114,,det_only
Celeb-real__id48_0007__33f7ab98,0,0.5462381839752197,,det_only
Celeb-real__id4_0004__f056bf39,0,0.4419498145580292,,det_only
Celeb-real__id53_0003__0ef9b575,0,0.5073989033699036,,det_only
Celeb-real__id53_0004__fef1cbd0,0,0.3647449314594269,,det_only
Celeb-real__id53_0009__c8433547,0,0.5662854909896851,,det_only
Celeb-real__id59_0002__b5acbbb0,0,0.33323705196380615,,det_only
Celeb-real__id59_0004__f661bba5,0,0.44132038950920105,,det_only
Celeb-real__id59_0006__6eb31efc,0,0.4414726793766022,,det_only
Celeb-real__id59_0008__fca27ab6,0,0.5416771769523621,,det_only
Celeb-real__id5_0001__7446e574,0,0.3553694486618042,,det_only
Celeb-real__id5_0004__a29baf56,0,0.36924323439598083,,det_only
Celeb-real__id5_0008__f6f26281,0,0.33520567417144775,,det_only
Celeb-real__id7_0001__a2b1f25f,0,0.5404864549636841,,det_only
Celeb-real__id7_0003__beacd82a,0,0.3429262042045593,,det_only
Celeb-real__id7_0006__2eb27407,0,0.4889049232006073,,det_only
Celeb-real__id7_0009__c7cc4b85,0,0.4639265239238739,,det_only
Celeb-synthesis__FaceReenact__DaGAN__id39_id42_0004__a7828426,1,0.38597843050956726,FaceReenact,det_only
Celeb-synthesis__FaceReenact__DaGAN__id39_id46_0000__c4b821a1,1,0.46920204162597656,FaceReenact,det_only
Celeb-synthesis__FaceReenact__DaGAN__id4_id30_0000__e5f244df,1,0.5879719853401184,FaceReenact,det_only
Celeb-synthesis__FaceReenact__DaGAN__id4_id35_0003__6c161c5c,1,0.3961884677410126,FaceReenact,det_only
Celeb-synthesis__FaceReenact__DaGAN__id7_id11_0001__94842ed0,1,0.6265357136726379,FaceReenact,det_only
Celeb-synthesis__FaceReenact__FSRT__id17_id0_0003__75dcb963,1,0.5705634951591492,FaceReenact,det_only
Celeb-synthesis__FaceReenact__FSRT__id17_id16_0006__978b075e,1,0.6129018068313599,FaceReenact,det_only
Celeb-synthesis__FaceReenact__HyperReenact__id28_id29_0000__f1cf9676,1,0.5544976592063904,FaceReenact,det_only
Celeb-synthesis__FaceReenact__HyperReenact__id28_id31_0008__a9edd872,1,0.40136879682540894,FaceReenact,det_only
Celeb-synthesis__FaceReenact__HyperReenact__id4_id2_0004__d1a077c0,1,0.6218180060386658,FaceReenact,det_only
Celeb-synthesis__FaceReenact__LIA__id48_id46_0005__6059abc8,1,0.5162838101387024,FaceReenact,det_only
Celeb-synthesis__FaceReenact__LIA__id4_id20_0002__48cda071,1,0.6160853505134583,FaceReenact,det_only
Celeb-synthesis__FaceReenact__LIA__id53_id54_0000__1524173c,1,0.6292774677276611,FaceReenact,det_only
Celeb-synthesis__FaceReenact__LivePortrait__id17_id1_0000__cd456b21,1,0.5540388226509094,FaceReenact,det_only
Celeb-synthesis__FaceReenact__LivePortrait__id17_id3_0006__270800bb,1,0.42032989859580994,FaceReenact,det_only
Celeb-synthesis__FaceReenact__LivePortrait__id28_id32_0002__3c4dde03,1,0.4035044014453888,FaceReenact,det_only
Celeb-synthesis__FaceReenact__MCNET__id28_id23_0006__111e9069,1,0.5155128836631775,FaceReenact,det_only
Celeb-synthesis__FaceReenact__MCNET__id4_id35_0004__7ea18215,1,0.5377821922302246,FaceReenact,det_only
Celeb-synthesis__FaceReenact__TPSMM__id28_id32_0002__880ef5c7,1,0.5448653101921082,FaceReenact,det_only
Celeb-synthesis__FaceReenact__TPSMM__id28_id9_0000__94ef95bd,1,0.6124124526977539,FaceReenact,det_only
Celeb-synthesis__FaceReenact__TPSMM__id48_id45_0003__03629a1f,1,0.6120439171791077,FaceReenact,det_only
Celeb-synthesis__FaceSwap__BlendFace__id28_id32_0002__520212f0,1,0.5085626840591431,FaceSwap,det_only
Celeb-synthesis__FaceSwap__Celeb-DF-v2__id4_id2_0004__fa16c28c,1,0.5629037022590637,FaceSwap,det_only
Celeb-synthesis__FaceSwap__GHOST__id17_id28_0001__97bd566d,1,0.45416581630706787,FaceSwap,det_only
Celeb-synthesis__FaceSwap__GHOST__id28_id0_0007__c7d5a80b,1,0.4842243790626526,FaceSwap,det_only
Celeb-synthesis__FaceSwap__GHOST__id4_id30_0005__1f287fb8,1,0.538993239402771,FaceSwap,det_only
Celeb-synthesis__FaceSwap__GHOST__id53_id56_0002__2a6903c3,1,0.5904295444488525,FaceSwap,det_only
Celeb-synthesis__FaceSwap__GHOST__id53_id58_0006__968b47d6,1,0.46656057238578796,FaceSwap,det_only
Celeb-synthesis__FaceSwap__HifiFace__id17_id1_0001__eed12866,1,0.6022982597351074,FaceSwap,det_only
Celeb-synthesis__FaceSwap__HifiFace__id17_id9_0001__2123dfe5,1,0.6082444190979004,FaceSwap,det_only
Celeb-synthesis__FaceSwap__HifiFace__id28_id29_0003__baa15d76,1,0.3913476765155792,FaceSwap,det_only
Celeb-synthesis__FaceSwap__HifiFace__id53_id49_0002__7eeba221,1,0.6109996438026428,FaceSwap,det_only
Celeb-synthesis__FaceSwap__HifiFace__id53_id58_0004__61dde1e5,1,0.5106088519096375,FaceSwap,det_only
Celeb-synthesis__FaceSwap__InSwapper__id28_id6_0001__c09bd86d,1,0.5968044996261597,FaceSwap,det_only
Celeb-synthesis__FaceSwap__InSwapper__id39_id47_0000__a2ac0df0,1,0.5562132000923157,FaceSwap,det_only
Celeb-synthesis__FaceSwap__InSwapper__id39_id48_0006__1214def3,1,0.6281776428222656,FaceSwap,det_only
Celeb-synthesis__FaceSwap__InSwapper__id59_id60_0007__5f9d3568,1,0.6228339076042175,FaceSwap,det_only
Celeb-synthesis__FaceSwap__MobileFaceSwap__id17_id6_0009__a504b70f,1,0.4509737491607666,FaceSwap,det_only
Celeb-synthesis__FaceSwap__MobileFaceSwap__id48_id40_0003__477abc56,1,0.610761284828186,FaceSwap,det_only
Celeb-synthesis__FaceSwap__MobileFaceSwap__id4_id2_0004__e17a1f61,1,0.46061450242996216,FaceSwap,det_only
Celeb-synthesis__FaceSwap__SimSwap__id28_id37_0009__affdc5fe,1,0.36230945587158203,FaceSwap,det_only
Celeb-synthesis__FaceSwap__UniFace__id48_id41_0006__85f4521e,1,0.6205011010169983,FaceSwap,det_only
Celeb-synthesis__TalkingFace__AniTalker__id39_0002_test_id01298_i8N_VPTGLis__f11e15fd,1,0.615689754486084,TalkingFace,det_only
Celeb-synthesis__TalkingFace__AniTalker__id48_0002_test_id04656_jPpleSW9BCY__5874a74a,1,0.6115258932113647,TalkingFace,det_only
Celeb-synthesis__TalkingFace__EDTalk__id17_0005_test_id02317_5B2PwYr8pT4__cfac2d7d,1,0.4285910129547119,TalkingFace,det_only
Celeb-synthesis__TalkingFace__EchoMimic__id17_0001_test_id06692_EC9TCRJkBhI__af2b3769,1,0.5650219321250916,TalkingFace,det_only
Celeb-synthesis__TalkingFace__EchoMimic__id48_0000_test_id02445_ZX_6RMrTEP0__4c87aef6,1,0.5787239670753479,TalkingFace,det_only
Celeb-synthesis__TalkingFace__EchoMimic__id48_0002_test_id04656_jPpleSW9BCY__4cf1cf35,1,0.6078473925590515,TalkingFace,det_only
Celeb-synthesis__TalkingFace__EchoMimic__id5_0000_test_id03127_mn_mOy6f4bg__740f923f,1,0.4025649428367615,TalkingFace,det_only
Celeb-synthesis__TalkingFace__EchoMimic__id5_0001_test_id07620_BiqpFzenkJ8__ab6a28e9,1,0.49503666162490845,TalkingFace,det_only
Celeb-synthesis__TalkingFace__FLOAT__id17_0005_test_id03969_dxU4gOdESXQ__9d0d1686,1,0.35764890909194946,TalkingFace,det_only
Celeb-synthesis__TalkingFace__FLOAT__id48_0004_test_id08696_Hd5ulx7ZfO0__c1351bc3,1,0.5148287415504456,TalkingFace,det_only
Celeb-synthesis__TalkingFace__FLOAT__id53_0002_test_id08392_wCwdWmxtP1U__c2f127ce,1,0.6251108646392822,TalkingFace,det_only
Celeb-synthesis__TalkingFace__FLOAT__id59_0005_test_id08392_V2DQaPnQhBs__9e42e7d6,1,0.3971838057041168,TalkingFace,det_only
Celeb-synthesis__TalkingFace__FLOAT__id59_0006_test_id08701_yty4X4F1mQY__67454fd2,1,0.3713696002960205,TalkingFace,det_only
Celeb-synthesis__TalkingFace__IP_LAP__id17_0008_test_id02317_U9C74tfLcqc__78e8dd1d,1,0.6312854290008545,TalkingFace,det_only
Celeb-synthesis__TalkingFace__IP_LAP__id4_0001_test_id03030_tAA7AHbEteI__4bd75861,1,0.6290081739425659,TalkingFace,det_only
Celeb-synthesis__TalkingFace__IP_LAP__id4_0003_test_id06484_oG2N7E2Pu60__3c126936,1,0.6120056509971619,TalkingFace,det_only
Celeb-synthesis__TalkingFace__Real3DPortrait__id28_0008_test_id02542_cwgUjse_REU__c0cf674e,1,0.6257996559143066,TalkingFace,det_only
Celeb-synthesis__TalkingFace__Real3DPortrait__id39_0008_test_id07494_XMEIdqio6ic__d11b7574,1,0.6104251742362976,TalkingFace,det_only
Celeb-synthesis__TalkingFace__Real3DPortrait__id7_0000_test_id04119_CACsuwm13iI__94d25b36,1,0.6326882839202881,TalkingFace,det_only
Celeb-synthesis__TalkingFace__SadTalker__id28_0004_test_id06811_ImzUwwYU6SQ__ea2d8f19,1,0.416358083486557,TalkingFace,det_only
Celeb-synthesis__TalkingFace__SadTalker__id39_0006_test_id08696_nWfOgj03gag__75653d8f,1,0.6255858540534973,TalkingFace,det_only
YouTube-real__00008__28dc0846,0,0.589606761932373,,det_only
YouTube-real__00026__3c44e9f3,0,0.33024317026138306,,det_only
YouTube-real__00032__5808c82b,0,0.5358254313468933,,det_only
YouTube-real__00045__8dd9a58f,0,0.3960643708705902,,det_only
YouTube-real__00051__7c950efb,0,0.44900596141815186,,det_only
YouTube-real__00059__817dd5d4,0,0.3446804881095886,,det_only
YouTube-real__00068__86a893bb,0,0.6194275617599487,,det_only
YouTube-real__00074__c26b8ab8,0,0.6088158488273621,,det_only
YouTube-real__00083__a4b1f59c,0,0.34512999653816223,,det_only
YouTube-real__00094__4160a4f5,0,0.5882693529129028,,det_only
YouTube-real__00108__70cd3b50,0,0.6067896485328674,,det_only
YouTube-real__00117__bdf249b7,0,0.5243059396743774,,det_only
YouTube-real__00123__90f3671c,0,0.4076120853424072,,det_only
YouTube-real__00133__a93670e2,0,0.5491480827331543,,det_only
YouTube-real__00140__42111c89,0,0.3848297894001007,,det_only
YouTube-real__00151__fcfd2fdc,0,0.5551427006721497,,det_only
YouTube-real__00164__9b5cf88e,0,0.6250737309455872,,det_only
YouTube-real__00176__2541ebaa,0,0.5003812909126282,,det_only
YouTube-real__00185__f8ead19f,0,0.5679306387901306,,det_only
YouTube-real__00194__b4e07ea5,0,0.354889452457428,,det_only
YouTube-real__00210__180dbb4a,0,0.6082083582878113,,det_only
YouTube-real__00219__142de838,0,0.4020884931087494,,det_only
YouTube-real__00227__ad8ab050,0,0.5811631083488464,,det_only
YouTube-real__00232__b34c4a44,0,0.6125144362449646,,det_only
YouTube-real__00239__1cbd5fb4,0,0.32209041714668274,,det_only
YouTube-real__00247__bafef148,0,0.6275190711021423,,det_only
YouTube-real__00258__bd14c027,0,0.4564073383808136,,det_only
YouTube-real__00266__dcaa5381,0,0.34067225456237793,,det_only
YouTube-real__00276__9a515823,0,0.5709369778633118,,det_only
YouTube-real__00285__52a37262,0,0.5555875897407532,,det_only
YouTube-real__00291__3b395670,0,0.5944722890853882,,det_only
YouTube-real__00297__5ed0e455,0,0.3401814103126526,,det_only
Celeb-real__id13_0008__0323fc47,0,0.3283118009567261,,det_only
Celeb-real__id13_0011__dee78c96,0,0.49817436933517456,,det_only
Celeb-real__id13_0012__14e6d503,0,0.30765584111213684,,det_only
Celeb-real__id13_0014__ef3369c4,0,0.5019597411155701,,det_only
Celeb-real__id16_0001__6c969226,0,0.33504578471183777,,det_only
Celeb-real__id16_0002__b8fb1d0e,0,0.35235199332237244,,det_only
Celeb-real__id16_0004__f6ba18ad,0,0.34712347388267517,,det_only
Celeb-real__id16_0006__ab3169fd,0,0.4560309052467346,,det_only
Celeb-real__id16_0012__e75472a5,0,0.36602097749710083,,det_only
Celeb-real__id16_0013__2d0c3b72,0,0.36243709921836853,,det_only
Celeb-real__id20_0001__5e2f4954,0,0.39121466875076294,,det_only
Celeb-real__id20_0006__98781964,0,0.4713955223560333,,det_only
Celeb-real__id20_0009__f207e1ab,0,0.39681345224380493,,det_only
Celeb-real__id27_0001__85fc2d28,0,0.5068928003311157,,det_only
Celeb-real__id27_0004__62c43eac,0,0.5005303025245667,,det_only
Celeb-real__id27_0005__b30d796c,0,0.5052819848060608,,det_only
Celeb-real__id27_0006__a9948cc9,0,0.49775102734565735,,det_only
Celeb-real__id27_0008__200b2d83,0,0.49886924028396606,,det_only
Celeb-real__id38_0001__1d13fa2e,0,0.4816761612892151,,det_only
Celeb-real__id38_0004__56b58de3,0,0.49998176097869873,,det_only
Celeb-real__id38_0006__cb3dde26,0,0.501628577709198,,det_only
Celeb-real__id38_0007__aa2d5b38,0,0.5005053281784058,,det_only
Celeb-real__id38_0009__995f2d62,0,0.47472095489501953,,det_only
Celeb-real__id40_0006__32ec46ab,0,0.48222342133522034,,det_only
Celeb-real__id40_0009__468be181,0,0.5131243467330933,,det_only
Celeb-real__id42_0000__6168cba3,0,0.4986039698123932,,det_only
Celeb-real__id42_0002__14b1cf34,0,0.5015372037887573,,det_only
Celeb-real__id51_0005__36e6d89e,0,0.5060540437698364,,det_only
Celeb-real__id51_0007__1ca2bba4,0,0.5031259059906006,,det_only
Celeb-real__id61_0000__5c3a670b,0,0.2826383113861084,,det_only
Celeb-real__id61_0005__3acd5f88,0,0.3509027361869812,,det_only
Celeb-real__id9_0001__a769b7b1,0,0.2980002164840698,,det_only
Celeb-real__id9_0002__cd66e846,0,0.41271355748176575,,det_only
Celeb-real__id9_0004__eb2b28d8,0,0.29953208565711975,,det_only
Celeb-real__id9_0006__70777999,0,0.4972796142101288,,det_only
Celeb-synthesis__FaceReenact__FSRT__id9_id21_0001__c5b28789,1,0.5102638006210327,FaceReenact,det_only
Celeb-synthesis__FaceReenact__FSRT__id9_id31_0002__d6aa73f4,1,0.503462016582489,FaceReenact,det_only
Celeb-synthesis__FaceReenact__HyperReenact__id20_id25_0000__049848e5,1,0.5010451674461365,FaceReenact,det_only
Celeb-synthesis__FaceReenact__HyperReenact__id20_id25_0002__937fed2b,1,0.5201864838600159,FaceReenact,det_only
Celeb-synthesis__FaceReenact__HyperReenact__id51_id57_0000__65c5f5dd,1,0.5026873350143433,FaceReenact,det_only
Celeb-synthesis__FaceReenact__LIA__id16_id1_0000__72abce34,1,0.5262885093688965,FaceReenact,det_only
Celeb-synthesis__FaceReenact__LIA__id61_id59_0002__c790fdd0,1,0.48227575421333313,FaceReenact,det_only
Celeb-synthesis__FaceReenact__LIA__id9_id4_0000__a11b6c51,1,0.511979877948761,FaceReenact,det_only
Celeb-synthesis__FaceReenact__LivePortrait__id20_id24_0005__01977817,1,0.47182899713516235,FaceReenact,det_only
Celeb-synthesis__FaceReenact__LivePortrait__id20_id29_0000__4d58636d,1,0.5015534162521362,FaceReenact,det_only
Celeb-synthesis__FaceReenact__LivePortrait__id38_id26_0007__5d32e7a3,1,0.5042946934700012,FaceReenact,det_only
Celeb-synthesis__FaceReenact__LivePortrait__id40_id43_0005__289e22a3,1,0.5050507187843323,FaceReenact,det_only
Celeb-synthesis__FaceReenact__MCNET__id16_id6_0009__448519b4,1,0.49772635102272034,FaceReenact,det_only
Celeb-synthesis__FaceReenact__MCNET__id27_id28_0006__b576b163,1,0.5191084146499634,FaceReenact,det_only
Celeb-synthesis__FaceReenact__TPSMM__id13_id7_0001__ebd49e18,1,0.5079311728477478,FaceReenact,det_only
Celeb-synthesis__FaceReenact__TPSMM__id16_id2_0009__58d0cabe,1,0.4988686442375183,FaceReenact,det_only
Celeb-synthesis__FaceSwap__BlendFace__id27_id26_0008__d82021e1,1,0.503199577331543,FaceSwap,det_only
Celeb-synthesis__FaceSwap__BlendFace__id27_id28_0009__3b5ef7e1,1,0.5183061361312866,FaceSwap,det_only
Celeb-synthesis__FaceSwap__BlendFace__id51_id58_0008__bd39a11f,1,0.5263711810112,FaceSwap,det_only
Celeb-synthesis__FaceSwap__BlendFace__id9_id20_0002__cfe50f89,1,0.5042979121208191,FaceSwap,det_only
Celeb-synthesis__FaceSwap__BlendFace__id9_id4_0000__f0dac336,1,0.5328977704048157,FaceSwap,det_only
Celeb-synthesis__FaceSwap__Celeb-DF-v2__id16_id35_0000__308bc925,1,0.5239731669425964,FaceSwap,det_only
Celeb-synthesis__FaceSwap__Celeb-DF-v2__id20_id28_0003__6ecc355b,1,0.5037630200386047,FaceSwap,det_only
Celeb-synthesis__FaceSwap__Celeb-DF-v2__id20_id3_0009__83719a18,1,0.5184367299079895,FaceSwap,det_only
Celeb-synthesis__FaceSwap__Celeb-DF-v2__id38_id20_0000__c9eea163,1,0.5020726919174194,FaceSwap,det_only
Celeb-synthesis__FaceSwap__Celeb-DF-v2__id9_id37_0006__2294cd73,1,0.49899351596832275,FaceSwap,det_only
Celeb-synthesis__FaceSwap__GHOST__id40_id47_0006__bc2fd83b,1,0.4994494318962097,FaceSwap,det_only
Celeb-synthesis__FaceSwap__GHOST__id51_id54_0005__3fccc74c,1,0.4869808852672577,FaceSwap,det_only
Celeb-synthesis__FaceSwap__HifiFace__id16_id35_0005__6c2073b4,1,0.5073213577270508,FaceSwap,det_only
Celeb-synthesis__FaceSwap__InSwapper__id20_id3_0007__f52096d0,1,0.5064672231674194,FaceSwap,det_only
Celeb-synthesis__FaceSwap__InSwapper__id27_id24_0002__b6d36b2e,1,0.5046565532684326,FaceSwap,det_only
Celeb-synthesis__FaceSwap__MobileFaceSwap__id9_id21_0006__7d5ddb09,1,0.49745047092437744,FaceSwap,det_only
Celeb-synthesis__FaceSwap__SimSwap__id16_id3_0000__3477c358,1,0.4559757709503174,FaceSwap,det_only
Celeb-synthesis__FaceSwap__SimSwap__id38_id23_0009__5a2e1d04,1,0.4983205199241638,FaceSwap,det_only
Celeb-synthesis__FaceSwap__SimSwap__id38_id37_0003__1245acfa,1,0.5208020210266113,FaceSwap,det_only
Celeb-synthesis__FaceSwap__UniFace__id20_id22_0006__a95b66d4,1,0.504509687423706,FaceSwap,det_only
Celeb-synthesis__FaceSwap__UniFace__id9_id28_0004__bb7a2b22,1,0.49901464581489563,FaceSwap,det_only
Celeb-synthesis__TalkingFace__AniTalker__id16_0004_test_id03524_Lt7XKpDEmh0__ab4f76f6,1,0.5009258389472961,TalkingFace,det_only
Celeb-synthesis__TalkingFace__AniTalker__id16_0010_test_id07868_6qWwQj0a_uw__5f601772,1,0.4005080759525299,TalkingFace,det_only
Celeb-synthesis__TalkingFace__AniTalker__id27_0006_test_id02086_zbTnwM2r7Lk__210c065e,1,0.5059426426887512,TalkingFace,det_only
Celeb-synthesis__TalkingFace__AniTalker__id40_0007_test_id03382_yg4PLo7dVmk__c09f3bb2,1,0.5082769393920898,TalkingFace,det_only
Celeb-synthesis__TalkingFace__AniTalker__id51_0002_test_id00562_0Zh6t-f8MsY__6b0060a0,1,0.530782163143158,TalkingFace,det_only
Celeb-synthesis__TalkingFace__AniTalker__id61_0006_test_id00017_wrB-yyERH2s__b0ce7675,1,0.4621090292930603,TalkingFace,det_only
Celeb-synthesis__TalkingFace__EDTalk__id13_0014_test_id08696_Hd5ulx7ZfO0__084367c3,1,0.5330529808998108,TalkingFace,det_only
Celeb-synthesis__TalkingFace__EDTalk__id16_0002_test_id04295_1fSjOItVYVg__3c8ca697,1,0.5332469344139099,TalkingFace,det_only
Celeb-synthesis__TalkingFace__EDTalk__id16_0005_test_id02317_quWGoFFkGr0__1017702e,1,0.5356546640396118,TalkingFace,det_only
Celeb-synthesis__TalkingFace__EDTalk__id38_0000_test_id06692_IwB3vu418E4__ad736938,1,0.5253351926803589,TalkingFace,det_only
Celeb-synthesis__TalkingFace__EDTalk__id9_0000_test_id07621_23TZokV8wvg__bdbd6275,1,0.5311148762702942,TalkingFace,det_only
Celeb-synthesis__TalkingFace__EchoMimic__id9_0009_test_id04094_Mn2XdOCOmc4__1e0499b1,1,0.47912195324897766,TalkingFace,det_only
Celeb-synthesis__TalkingFace__FLOAT__id38_0006_test_id03041_qyCz5uttaAA__f84231ef,1,0.29638853669166565,TalkingFace,det_only
Celeb-synthesis__TalkingFace__FLOAT__id51_0004_test_id01618_gdW26NMVO2g__a76470b2,1,0.5356439352035522,TalkingFace,det_only
Celeb-synthesis__TalkingFace__FLOAT__id51_0009_test_id04094_XXOtyg4RxTE__2ede6c82,1,0.2512940764427185,TalkingFace,det_only
Celeb-synthesis__TalkingFace__IP_LAP__id20_0007_test_id09017_uzmhrmJLNoM__fbf7a888,1,0.5349437594413757,TalkingFace,det_only
Celeb-synthesis__TalkingFace__Real3DPortrait__id20_0008_test_id03524_GkvScYvOJ7o__60452cfc,1,0.5335915088653564,TalkingFace,det_only
Celeb-synthesis__TalkingFace__Real3DPortrait__id38_0000_test_id06811_iZWKAx9tmkk__eeab3496,1,0.5148117542266846,TalkingFace,det_only
Celeb-synthesis__TalkingFace__Real3DPortrait__id40_0002_test_id08392_3e5zvNaT-eU__b5053e0f,1,0.5314123630523682,TalkingFace,det_only
Celeb-synthesis__TalkingFace__Real3DPortrait__id9_0004_test_id05055_1lsf8QC-Lck__d7e043f8,1,0.5256466269493103,TalkingFace,det_only
Celeb-synthesis__TalkingFace__SadTalker__id13_0001_test_id00081_xjfPXNgzW6o__cc5a4571,1,0.5003408193588257,TalkingFace,det_only
Celeb-synthesis__TalkingFace__SadTalker__id13_0014_test_id04232_Ui7YgRJZ8YQ__f5d8175a,1,0.5101771950721741,TalkingFace,det_only
Celeb-synthesis__TalkingFace__SadTalker__id16_0006_test_id07620_l63wBe6oNrw__e34b65a7,1,0.5149643421173096,TalkingFace,det_only
Celeb-synthesis__TalkingFace__SadTalker__id27_0008_test_id04119_6S22oDDSe4g__02381c44,1,0.5068947076797485,TalkingFace,det_only
YouTube-real__00005__e68880de,0,0.4060870409011841,,det_only
YouTube-real__00023__e371a1eb,0,0.381324827671051,,det_only
YouTube-real__00031__72060a50,0,0.4779079854488373,,det_only
YouTube-real__00044__9b1b666f,0,0.5009947419166565,,det_only
YouTube-real__00049__fc07b784,0,0.31771066784858704,,det_only
YouTube-real__00058__29f03de6,0,0.5057347416877747,,det_only
YouTube-real__00063__89546de2,0,0.49922406673431396,,det_only
YouTube-real__00073__d03d1650,0,0.4745565950870514,,det_only
YouTube-real__00080__51683885,0,0.5008752942085266,,det_only
YouTube-real__00091__68a37a65,0,0.5031595230102539,,det_only
YouTube-real__00106__c2af865d,0,0.5055073499679565,,det_only
YouTube-real__00116__c30eeafc,0,0.40716075897216797,,det_only
YouTube-real__00122__bb05a29b,0,0.23307038843631744,,det_only
YouTube-real__00131__070a3ab1,0,0.5078629851341248,,det_only
YouTube-real__00139__e7770bb3,0,0.3921232521533966,,det_only
YouTube-real__00149__38bf8552,0,0.3393922746181488,,det_only
YouTube-real__00163__a2bc8a94,0,0.4508665204048157,,det_only
YouTube-real__00174__9cf35370,0,0.41559067368507385,,det_only
YouTube-real__00184__de20d94a,0,0.2898663282394409,,det_only
YouTube-real__00193__244ee452,0,0.44763633608818054,,det_only
YouTube-real__00209__8f67994d,0,0.46181386709213257,,det_only
YouTube-real__00218__b37c7665,0,0.50496506690979,,det_only
YouTube-real__00226__712b6779,0,0.48927634954452515,,det_only
YouTube-real__00231__580f5e23,0,0.4359150528907776,,det_only
YouTube-real__00238__559c7888,0,0.5219205617904663,,det_only
YouTube-real__00246__bc0e9215,0,0.4641990661621094,,det_only
YouTube-real__00257__8805be53,0,0.24254699051380157,,det_only
YouTube-real__00263__06a11c4b,0,0.5328760743141174,,det_only
YouTube-real__00275__c58c1091,0,0.5009471774101257,,det_only
YouTube-real__00284__789c2f97,0,0.4258895218372345,,det_only
YouTube-real__00290__7ac8edda,0,0.5008025169372559,,det_only
Celeb-real__id11_0001__5a90326e,0,0.3746756315231323,,det_only
Celeb-real__id11_0003__52787b89,0,0.37589165568351746,,det_only
Celeb-real__id11_0007__e727fe81,0,0.3838750422000885,,det_only
Celeb-real__id25_0009__c9831009,0,0.3659704029560089,,det_only
Celeb-real__id32_0000__db87de7a,0,0.3561636805534363,,det_only
Celeb-real__id32_0002__3a231191,0,0.439043253660202,,det_only
Celeb-real__id32_0004__d8bdaf4c,0,0.32316452264785767,,det_only
Celeb-real__id32_0005__021bfb27,0,0.32688117027282715,,det_only
Celeb-real__id32_0006__7ae0b544,0,0.38095584511756897,,det_only
Celeb-real__id35_0002__fd247f10,0,0.37257763743400574,,det_only
Celeb-real__id35_0003__0f298638,0,0.4062526524066925,,det_only
Celeb-real__id35_0004__7feab975,0,0.4283471405506134,,det_only
Celeb-real__id43_0001__fd0241c3,0,0.4211532473564148,,det_only
Celeb-real__id43_0005__5d8ad40e,0,0.37342724204063416,,det_only
Celeb-real__id43_0006__33432f36,0,0.38113710284233093,,det_only
Celeb-real__id43_0007__b72c39d0,0,0.35860422253608704,,det_only
Celeb-real__id45_0001__9265e652,0,0.4370347857475281,,det_only
Celeb-real__id45_0003__7a35f091,0,0.4556122124195099,,det_only
Celeb-real__id47_0002__d0fe7065,0,0.37322941422462463,,det_only
Celeb-real__id47_0004__63eceb5b,0,0.43373873829841614,,det_only
Celeb-real__id47_0009__f48e6b0c,0,0.43407347798347473,,det_only
Celeb-real__id49_0000__fad2ccc4,0,0.39736512303352356,,det_only
Celeb-real__id49_0007__fb27a934,0,0.39227038621902466,,det_only
Celeb-real__id49_0008__b1de1618,0,0.44213590025901794,,det_only
Celeb-real__id57_0005__49d621d2,0,0.33521074056625366,,det_only
Celeb-real__id57_0007__4449523b,0,0.38476118445396423,,det_only
Celeb-real__id57_0008__373f6113,0,0.372848242521286,,det_only
Celeb-real__id57_0009__d229d131,0,0.4154604375362396,,det_only
Celeb-synthesis__FaceReenact__DaGAN__id25_id26_0004__752c9c57,1,0.4577842056751251,FaceReenact,det_only
Celeb-synthesis__FaceReenact__DaGAN__id35_id2_0002__954f1b34,1,0.43545249104499817,FaceReenact,det_only
Celeb-synthesis__FaceReenact__DaGAN__id35_id31_0003__9d413782,1,0.4566881060600281,FaceReenact,det_only
Celeb-synthesis__FaceReenact__DaGAN__id45_id42_0003__02096aab,1,0.45252618193626404,FaceReenact,det_only
Celeb-synthesis__FaceReenact__DaGAN__id45_id43_0007__37aa7ea0,1,0.40274932980537415,FaceReenact,det_only
Celeb-synthesis__FaceReenact__DaGAN__id47_id48_0003__317ed9a4,1,0.3645258843898773,FaceReenact,det_only
Celeb-synthesis__FaceReenact__FSRT__id25_id26_0004__12d93b6b,1,0.45617005228996277,FaceReenact,det_only
Celeb-synthesis__FaceReenact__FSRT__id35_id30_0003__e8262f62,1,0.45740070939064026,FaceReenact,det_only
Celeb-synthesis__FaceReenact__FSRT__id43_id48_0001__84733427,1,0.45624032616615295,FaceReenact,det_only
Celeb-synthesis__FaceReenact__HyperReenact__id32_id31_0008__1678a1bf,1,0.37258076667785645,FaceReenact,det_only
Celeb-synthesis__FaceReenact__HyperReenact__id32_id37_0005__bb52fb8b,1,0.37057769298553467,FaceReenact,det_only
Celeb-synthesis__FaceReenact__HyperReenact__id45_id41_0005__fe7974d5,1,0.4567086100578308,FaceReenact,det_only
Celeb-synthesis__FaceReenact__LIA__id45_id42_0004__3cfc49a9,1,0.4571702480316162,FaceReenact,det_only
Celeb-synthesis__FaceReenact__LIA__id47_id41_0001__675b4aa1,1,0.4567503333091736,FaceReenact,det_only
Celeb-synthesis__FaceReenact__LIA__id57_id58_0002__84f449e3,1,0.4573189616203308,FaceReenact,det_only
Celeb-synthesis__FaceReenact__LivePortrait__id32_id23_0002__2f2d89a9,1,0.4558747708797455,FaceReenact,det_only
Celeb-synthesis__FaceReenact__LivePortrait__id32_id30_0003__e4e378ea,1,0.3744790256023407,FaceReenact,det_only
Celeb-synthesis__FaceReenact__LivePortrait__id35_id9_0007__2b002193,1,0.4354775846004486,FaceReenact,det_only
Celeb-synthesis__FaceReenact__LivePortrait__id47_id41_0002__b7a4d96a,1,0.3724672794342041,FaceReenact,det_only
Celeb-synthesis__FaceReenact__LivePortrait__id47_id45_0002__e3063282,1,0.3777303695678711,FaceReenact,det_only
Celeb-synthesis__FaceReenact__MCNET__id35_id32_0006__a525f209,1,0.38305073976516724,FaceReenact,det_only
Celeb-synthesis__FaceReenact__MCNET__id45_id46_0007__64615aec,1,0.4338228702545166,FaceReenact,det_only
Celeb-synthesis__FaceReenact__MCNET__id45_id47_0003__558ccc79,1,0.45636293292045593,FaceReenact,det_only
Celeb-synthesis__FaceSwap__BlendFace__id49_id51_0003__56b466c2,1,0.45674988627433777,FaceSwap,det_only
Celeb-synthesis__FaceSwap__BlendFace__id57_id51_0006__7d2990d8,1,0.45851966738700867,FaceSwap,det_only
Celeb-synthesis__FaceSwap__Celeb-DF-v2__id32_id21_0007__b22c1049,1,0.4568198621273041,FaceSwap,det_only
Celeb-synthesis__FaceSwap__Celeb-DF-v2__id32_id37_0009__0f8c2c05,1,0.45738524198532104,FaceSwap,det_only
Celeb-synthesis__FaceSwap__Celeb-DF-v2__id47_id39_0002__fb5f438d,1,0.45705708861351013,FaceSwap,det_only
Celeb-synthesis__FaceSwap__Celeb-DF-v2__id57_id54_0007__e46c63cc,1,0.45701801776885986,FaceSwap,det_only
Celeb-synthesis__FaceSwap__GHOST__id11_id7_0003__926b1646,1,0.379813551902771,FaceSwap,det_only
Celeb-synthesis__FaceSwap__GHOST__id35_id17_0009__2217b5cf,1,0.3893117606639862,FaceSwap,det_only
Celeb-synthesis__FaceSwap__GHOST__id35_id20_0000__bbc66652,1,0.45286545157432556,FaceSwap,det_only
Celeb-synthesis__FaceSwap__GHOST__id45_id41_0000__51ee4227,1,0.37439000606536865,FaceSwap,det_only
Celeb-synthesis__FaceSwap__HifiFace__id32_id26_0000__6f0c09ae,1,0.3766457736492157,FaceSwap,det_only
Celeb-synthesis__FaceSwap__HifiFace__id35_id2_0002__dd41fc56,1,0.38971325755119324,FaceSwap,det_only
Celeb-synthesis__FaceSwap__InSwapper__id35_id32_0001__6b44d973,1,0.4410648047924042,FaceSwap,det_only
Celeb-synthesis__FaceSwap__InSwapper__id35_id38_0005__1ebdd57c,1,0.4565686881542206,FaceSwap,det_only
Celeb-synthesis__FaceSwap__SimSwap__id32_id23_0002__a706d2c6,1,0.4353024959564209,FaceSwap,det_only
Celeb-synthesis__FaceSwap__SimSwap__id35_id20_0007__8d35b9ce,1,0.4247717261314392,FaceSwap,det_only
Celeb-synthesis__FaceSwap__UniFace__id25_id19_0003__8e751245,1,0.45765307545661926,FaceSwap,det_only
Celeb-synthesis__FaceSwap__UniFace__id25_id28_0005__fd9262d1,1,0.44602078199386597,FaceSwap,det_only
Celeb-synthesis__FaceSwap__UniFace__id45_id47_0004__444dfc0a,1,0.4564489722251892,FaceSwap,det_only
Celeb-synthesis__TalkingFace__AniTalker__id11_0003_test_id02725_37kUrf6RJdw__794ba055,1,0.3745865523815155,TalkingFace,det_only
Celeb-synthesis__TalkingFace__AniTalker__id45_0005_test_id03030_jSaAmd-y53U__a163a403,1,0.40018361806869507,TalkingFace,det_only
Celeb-synthesis__TalkingFace__EDTalk__id11_0004_test_id04862_i6aGUMQW5jA__3fb1a1b0,1,0.4558737277984619,TalkingFace,det_only
Celeb-synthesis__TalkingFace__EDTalk__id32_0001_test_id07620_fx5jKGlv9Ek__4b630f88,1,0.4525064527988434,TalkingFace,det_only
Celeb-synthesis__TalkingFace__EDTalk__id35_0005_test_id07802_VidNMN18YwU__00c0d305,1,0.4586426019668579,TalkingFace,det_only
Celeb-synthesis__TalkingFace__EDTalk__id35_0008_test_id04656_6N_AmGKcdZo__9449d5b6,1,0.45846298336982727,TalkingFace,det_only
Celeb-synthesis__TalkingFace__EDTalk__id47_0008_test_id03127_RmKc_HNTw-k__e607e11a,1,0.45815303921699524,TalkingFace,det_only
Celeb-synthesis__TalkingFace__EchoMimic__id25_0004_test_id00926_TOxtKuoggFI__b6e859c3,1,0.4586910903453827,TalkingFace,det_only
Celeb-synthesis__TalkingFace__EchoMimic__id47_0004_test_id04656_27HyvKOXDjo__ba68f94a,1,0.45606350898742676,TalkingFace,det_only
Celeb-synthesis__TalkingFace__EchoMimic__id49_0008_test_id07414_N7IVsTDjNU0__d3ee12d8,1,0.45666903257369995,TalkingFace,det_only
Celeb-synthesis__TalkingFace__FLOAT__id47_0007_test_id03524_nKxz0LxKZ58__4ba50397,1,0.4491690397262573,TalkingFace,det_only
Celeb-synthesis__TalkingFace__IP_LAP__id11_0009_test_id03347_b4wl7nEZ2wE__6b02995e,1,0.4564652442932129,TalkingFace,det_only
Celeb-synthesis__TalkingFace__IP_LAP__id32_0009_test_id04094_SeYATZknAgI__42332e6c,1,0.4566584825515747,TalkingFace,det_only
Celeb-synthesis__TalkingFace__IP_LAP__id45_0003_test_id07621_1L2IUy6gqaM__0718062b,1,0.45833516120910645,TalkingFace,det_only
Celeb-synthesis__TalkingFace__IP_LAP__id47_0002_test_id01333_D9Eylmbz4Ik__14836f1b,1,0.4559267461299896,TalkingFace,det_only
Celeb-synthesis__TalkingFace__IP_LAP__id57_0009_test_id02057__2WyFQMn6to__7572af35,1,0.45831894874572754,TalkingFace,det_only
Celeb-synthesis__TalkingFace__Real3DPortrait__id25_0000_test_id00866_1ki58847CNs__d63cff9f,1,0.4525809586048126,TalkingFace,det_only
Celeb-synthesis__TalkingFace__Real3DPortrait__id25_0001_test_id02542_YF501SIO5Mc__5ecc8306,1,0.4585873484611511,TalkingFace,det_only
Celeb-synthesis__TalkingFace__Real3DPortrait__id25_0008_test_id05999_Tqa_oC4TyJc__8bb48083,1,0.45883801579475403,TalkingFace,det_only
Celeb-synthesis__TalkingFace__Real3DPortrait__id35_0007_test_id06310_N_524p1QzXQ__35cbe0f2,1,0.45650872588157654,TalkingFace,det_only
Celeb-synthesis__TalkingFace__Real3DPortrait__id47_0003_test_id01822_taZoHZYN5-E__3a745d4b,1,0.38203608989715576,TalkingFace,det_only
Celeb-synthesis__TalkingFace__SadTalker__id11_0010_test_id09017_I5fFZuGVAvs__48c1e842,1,0.45704999566078186,TalkingFace,det_only
Celeb-synthesis__TalkingFace__SadTalker__id25_0004_test_id01593_tLFWX-IdAwI__c675a9b2,1,0.42198359966278076,TalkingFace,det_only
Celeb-synthesis__TalkingFace__SadTalker__id57_0009_test_id01333_LI6eLfuTn6I__f10b1e35,1,0.3973639905452728,TalkingFace,det_only
YouTube-real__00001__94129e59,0,0.4190509021282196,,det_only
YouTube-real__00017__c305fbef,0,0.45297178626060486,,det_only
YouTube-real__00030__1b6e47ad,0,0.4177764654159546,,det_only
YouTube-real__00043__3feb2a5e,0,0.34752658009529114,,det_only
YouTube-real__00048__4fd889df,0,0.4569948613643646,,det_only
YouTube-real__00057__50c336b0,0,0.37669894099235535,,det_only
YouTube-real__00062__5f3cac2e,0,0.3808411955833435,,det_only
YouTube-real__00072__3c790bf8,0,0.4136197865009308,,det_only
YouTube-real__00079__ed2159b2,0,0.37537041306495667,,det_only
YouTube-real__00090__10f688ee,0,0.37021327018737793,,det_only
YouTube-real__00104__06a37790,0,0.43528297543525696,,det_only
YouTube-real__00115__5ebb8093,0,0.3803356885910034,,det_only
YouTube-real__00121__15f8d3f7,0,0.37828120589256287,,det_only
YouTube-real__00129__572e2c73,0,0.38171955943107605,,det_only
YouTube-real__00138__5b8f49e2,0,0.38506391644477844,,det_only
YouTube-real__00144__b7e7cfed,0,0.37572145462036133,,det_only
YouTube-real__00162__f3fecc3a,0,0.38313502073287964,,det_only
YouTube-real__00170__5100f184,0,0.4568154811859131,,det_only
YouTube-real__00183__c06a5d03,0,0.4558354318141937,,det_only
YouTube-real__00191__f212fe17,0,0.39043018221855164,,det_only
YouTube-real__00202__8d69b06d,0,0.453631192445755,,det_only
YouTube-real__00215__e09120fc,0,0.4292950928211212,,det_only
YouTube-real__00225__88138c5b,0,0.37347039580345154,,det_only
YouTube-real__00230__35a17f52,0,0.33156558871269226,,det_only
YouTube-real__00236__c5c3da48,0,0.4132198691368103,,det_only
YouTube-real__00245__fb7f3aeb,0,0.3844217360019684,,det_only
YouTube-real__00254__fb953dce,0,0.4544333517551422,,det_only
YouTube-real__00261__10d485b1,0,0.38303524255752563,,det_only
YouTube-real__00274__31f29b02,0,0.3772955536842346,,det_only
YouTube-real__00280__754b5085,0,0.4076226055622101,,det_only
YouTube-real__00289__c94c693d,0,0.3745572865009308,,det_only
YouTube-real__00295__62c37f3f,0,0.3641156256198883,,det_only
YouTube-real__00299__34b4d680,0,0.4109320044517517,,det_only
Celeb-real__id12_0001__49a98782,0,0.5136325359344482,,det_only
Celeb-real__id12_0006__637d998d,0,0.5000232458114624,,det_only
Celeb-real__id26_0002__03f51103,0,0.5291650891304016,,det_only
Celeb-real__id26_0004__4d0db3c5,0,0.3390612304210663,,det_only
Celeb-real__id26_0007__9c43457d,0,0.5339949727058411,,det_only
Celeb-real__id29_0001__3bda14e5,0,0.4114800691604614,,det_only
Celeb-real__id29_0004__1dcec6a3,0,0.4487937092781067,,det_only
Celeb-real__id29_0008__ddbaff8c,0,0.3831353783607483,,det_only
Celeb-real__id2_0000__54f346da,0,0.5009740591049194,,det_only
Celeb-real__id2_0001__321e47a9,0,0.5377528667449951,,det_only
Celeb-real__id2_0005__15f721cc,0,0.3843293786048889,,det_only
Celeb-real__id2_0006__329cd2a4,0,0.5362008810043335,,det_only
Celeb-real__id2_0007__f4507907,0,0.2707100510597229,,det_only
Celeb-real__id2_0008__abe8c5ce,0,0.34561964869499207,,det_only
Celeb-real__id30_0000__6120ebff,0,0.47933435440063477,,det_only
Celeb-real__id30_0003__b0860b45,0,0.3839970827102661,,det_only
Celeb-real__id30_0004__2b700a4e,0,0.5161468386650085,,det_only
Celeb-real__id30_0005__d961a547,0,0.4657105803489685,,det_only
Celeb-real__id30_0007__e61c37fd,0,0.4569195508956909,,det_only
Celeb-real__id30_0008__3e5c34d3,0,0.3630000650882721,,det_only
Celeb-real__id31_0000__9d06c28e,0,0.48664113879203796,,det_only
Celeb-real__id31_0001__152f0b5f,0,0.47989386320114136,,det_only
Celeb-real__id31_0002__3d64dd16,0,0.5120471119880676,,det_only
Celeb-real__id31_0004__fd89952f,0,0.48437267541885376,,det_only
Celeb-real__id31_0005__70909ac5,0,0.4429234266281128,,det_only
Celeb-real__id31_0007__af681d95,0,0.5123531818389893,,det_only
Celeb-real__id31_0009__69e62bbe,0,0.4388401210308075,,det_only
Celeb-real__id33_0000__e5fe8932,0,0.4573281705379486,,det_only
Celeb-real__id33_0003__933ba904,0,0.47409769892692566,,det_only
Celeb-real__id33_0004__3f0b0eb2,0,0.46556439995765686,,det_only
Celeb-real__id36_0002__4ee65740,0,0.4668563902378082,,det_only
Celeb-real__id60_0001__98a7ca86,0,0.43235549330711365,,det_only
Celeb-real__id60_0004__472077b3,0,0.3915439248085022,,det_only
Celeb-real__id60_0009__652454a4,0,0.52776038646698,,det_only
Celeb-real__id6_0001__fa5a90f3,0,0.5295642614364624,,det_only
Celeb-real__id6_0003__3513f89b,0,0.5363520979881287,,det_only
Celeb-real__id6_0005__fb4ae1c2,0,0.5305864810943604,,det_only
Celeb-real__id6_0006__b6efd1d7,0,0.4690195620059967,,det_only
Celeb-synthesis__FaceReenact__DaGAN__id26_id29_0009__24aed516,1,0.5372665524482727,FaceReenact,det_only
Celeb-synthesis__FaceReenact__DaGAN__id2_id26_0008__7db22133,1,0.5295490026473999,FaceReenact,det_only
Celeb-synthesis__FaceReenact__DaGAN__id30_id33_0004__0fef6d27,1,0.46549472212791443,FaceReenact,det_only
Celeb-synthesis__FaceReenact__DaGAN__id33_id29_0004__7682830d,1,0.5285743474960327,FaceReenact,det_only
Celeb-synthesis__FaceReenact__DaGAN__id60_id5_0001__0b9da620,1,0.48142603039741516,FaceReenact,det_only
Celeb-synthesis__FaceReenact__FSRT__id29_id26_0003__632a645f,1,0.5293313264846802,FaceReenact,det_only
Celeb-synthesis__FaceReenact__FSRT__id31_id29_0000__54a64076,1,0.5373152494430542,FaceReenact,det_only
Celeb-synthesis__FaceReenact__FSRT__id31_id33_0009__4c61856d,1,0.5151426792144775,FaceReenact,det_only
Celeb-synthesis__FaceReenact__HyperReenact__id30_id29_0003__fc360a68,1,0.5326665639877319,FaceReenact,det_only
Celeb-synthesis__FaceReenact__HyperReenact__id31_id23_0000__219b842f,1,0.5360317230224609,FaceReenact,det_only
Celeb-synthesis__FaceReenact__HyperReenact__id31_id34_0002__5f102455,1,0.5364086627960205,FaceReenact,det_only
Celeb-synthesis__FaceReenact__LIA__id26_id25_0008__cc2acd62,1,0.5377432107925415,FaceReenact,det_only
Celeb-synthesis__FaceReenact__LIA__id33_id23_0008__9b36ffcc,1,0.5207158923149109,FaceReenact,det_only
Celeb-synthesis__FaceReenact__MCNET__id26_id37_0001__73dbc31f,1,0.5397474765777588,FaceReenact,det_only
Celeb-synthesis__FaceReenact__MCNET__id2_id17_0004__349174ae,1,0.5336323976516724,FaceReenact,det_only
Celeb-synthesis__FaceReenact__MCNET__id33_id31_0006__d3b368c7,1,0.5275871157646179,FaceReenact,det_only
Celeb-synthesis__FaceReenact__TPSMM__id2_id4_0009__ce5e7cbc,1,0.44787752628326416,FaceReenact,det_only
Celeb-synthesis__FaceReenact__TPSMM__id33_id21_0005__cb3ccadf,1,0.5365565419197083,FaceReenact,det_only
Celeb-synthesis__FaceReenact__TPSMM__id6_id16_0008__e3fd3bd2,1,0.5380353927612305,FaceReenact,det_only
Celeb-synthesis__FaceSwap__BlendFace__id30_id20_0008__a536219c,1,0.3897179961204529,FaceSwap,det_only
Celeb-synthesis__FaceSwap__BlendFace__id31_id38_0000__f389894a,1,0.537045419216156,FaceSwap,det_only
Celeb-synthesis__FaceSwap__BlendFace__id6_id0_0001__2e0b6a38,1,0.5398340225219727,FaceSwap,det_only
Celeb-synthesis__FaceSwap__Celeb-DF-v2__id2_id30_0000__8318ba5b,1,0.5398993492126465,FaceSwap,det_only
Celeb-synthesis__FaceSwap__Celeb-DF-v2__id31_id6_0003__440a29c3,1,0.539688766002655,FaceSwap,det_only
Celeb-synthesis__FaceSwap__Celeb-DF-v2__id6_id1_0009__996167d1,1,0.5301632285118103,FaceSwap,det_only
Celeb-synthesis__FaceSwap__GHOST__id30_id16_0009__e4233413,1,0.5353772044181824,FaceSwap,det_only
Celeb-synthesis__FaceSwap__HifiFace__id26_id2_0005__34fde766,1,0.49323850870132446,FaceSwap,det_only
Celeb-synthesis__FaceSwap__HifiFace__id26_id30_0006__88e734e4,1,0.5290650129318237,FaceSwap,det_only
Celeb-synthesis__FaceSwap__HifiFace__id30_id31_0000__bc3ec380,1,0.5373181700706482,FaceSwap,det_only
Celeb-synthesis__FaceSwap__InSwapper__id26_id30_0001__5d20ab46,1,0.5399539470672607,FaceSwap,det_only
Celeb-synthesis__FaceSwap__InSwapper__id29_id35_0005__15e7127b,1,0.5388283729553223,FaceSwap,det_only
Celeb-synthesis__FaceSwap__MobileFaceSwap__id30_id23_0003__256fee80,1,0.41741669178009033,FaceSwap,det_only
Celeb-synthesis__FaceSwap__MobileFaceSwap__id30_id33_0007__116b4b9d,1,0.5008416771888733,FaceSwap,det_only
Celeb-synthesis__FaceSwap__MobileFaceSwap__id31_id2_0002__deeb407b,1,0.4857289493083954,FaceSwap,det_only
Celeb-synthesis__FaceSwap__MobileFaceSwap__id6_id16_0003__2372cb7c,1,0.5384110808372498,FaceSwap,det_only
Celeb-synthesis__FaceSwap__SimSwap__id26_id30_0004__7c477cff,1,0.4636991024017334,FaceSwap,det_only
Celeb-synthesis__FaceSwap__SimSwap__id31_id2_0001__1cd151f1,1,0.5368376970291138,FaceSwap,det_only
Celeb-synthesis__FaceSwap__SimSwap__id60_id59_0001__07021aa9,1,0.45000582933425903,FaceSwap,det_only
Celeb-synthesis__FaceSwap__UniFace__id26_id23_0002__2d8b9554,1,0.5340768694877625,FaceSwap,det_only
Celeb-synthesis__FaceSwap__UniFace__id60_id5_0001__269126df,1,0.4688263237476349,FaceSwap,det_only
Celeb-synthesis__FaceSwap__UniFace__id6_id16_0000__73c8f6b5,1,0.5334521532058716,FaceSwap,det_only
Celeb-synthesis__TalkingFace__AniTalker__id12_0004_test_id01066_65k0p7fUBVI__ed984723,1,0.5368269085884094,TalkingFace,det_only
Celeb-synthesis__TalkingFace__AniTalker__id26_0001_test_id03789_KMozTvI2He0__4ced9f79,1,0.5396607518196106,TalkingFace,det_only
Celeb-synthesis__TalkingFace__AniTalker__id31_0009_test_id03839_C_MwvSBvUy8__b53cb2c1,1,0.4501538574695587,TalkingFace,det_only
Celeb-synthesis__TalkingFace__EDTalk__id36_0002_test_id02317_V1il-79GsT4__b6f58f13,1,0.5363303422927856,TalkingFace,det_only
Celeb-synthesis__TalkingFace__EchoMimic__id2_0001_test_id04656_Bi7kCsbg5L0__48cd039f,1,0.5397149324417114,TalkingFace,det_only
Celeb-synthesis__TalkingFace__EchoMimic__id30_0001_test_id06484_4iWGFxMOmKI__022b0c1b,1,0.5203690528869629,TalkingFace,det_only
Celeb-synthesis__TalkingFace__EchoMimic__id6_0003_test_id04950_XJS6SLQuCNM__ab62b200,1,0.5397456288337708,TalkingFace,det_only
Celeb-synthesis__TalkingFace__FLOAT__id29_0002_test_id07494_uFTbGfh8n3c__17ccb53c,1,0.3312411308288574,TalkingFace,det_only
Celeb-synthesis__TalkingFace__FLOAT__id2_0004_test_id05015_cveAkY4KXUk__953b3197,1,0.502547562122345,TalkingFace,det_only
Celeb-synthesis__TalkingFace__FLOAT__id2_0005_test_id05850_WCsUJ380ww8__8da4ea18,1,0.42275872826576233,TalkingFace,det_only
Celeb-synthesis__TalkingFace__FLOAT__id2_0006_test_id01298_oCRfIciXOPs__3b2e27da,1,0.5385815501213074,TalkingFace,det_only
Celeb-synthesis__TalkingFace__IP_LAP__id30_0002_test_id01224_i24BZ8uXDzE__f50190a7,1,0.5377174019813538,TalkingFace,det_only
Celeb-synthesis__TalkingFace__Real3DPortrait__id29_0007_test_id04253_5HYtpHHpsE0__4d4e4a7f,1,0.5366197824478149,TalkingFace,det_only
Celeb-synthesis__TalkingFace__Real3DPortrait__id33_0006_test_id05714_wFGNufaMbDY__9a10a718,1,0.506096601486206,TalkingFace,det_only
Celeb-synthesis__TalkingFace__SadTalker__id2_0007_test_id03127_QAySEL63CLw__03ef5aa6,1,0.35553380846977234,TalkingFace,det_only
Celeb-synthesis__TalkingFace__SadTalker__id60_0003_test_id07868_G6yM82HVOKI__38ad5563,1,0.4871668517589569,TalkingFace,det_only
YouTube-real__00000__5e10c2a6,0,0.5123088955879211,,det_only
YouTube-real__00013__3f4d1b10,0,0.5299287438392639,,det_only
YouTube-real__00028__a0c7c79c,0,0.49562764167785645,,det_only
YouTube-real__00041__277d6bef,0,0.39020055532455444,,det_only
YouTube-real__00047__ddcd50e0,0,0.5381287932395935,,det_only
YouTube-real__00053__aa10062c,0,0.49844154715538025,,det_only
YouTube-real__00061__072a139e,0,0.4996884763240814,,det_only
YouTube-real__00071__cce69df6,0,0.5089731812477112,,det_only
YouTube-real__00078__7fcc5ffb,0,0.4462655186653137,,det_only
YouTube-real__00087__f326e141,0,0.5230241417884827,,det_only
YouTube-real__00100__28471f0d,0,0.514374315738678,,det_only
YouTube-real__00113__c3b702ab,0,0.5046191215515137,,det_only
YouTube-real__00119__e4f2f08c,0,0.47900864481925964,,det_only
YouTube-real__00125__e5eb87b1,0,0.5390421152114868,,det_only
YouTube-real__00136__8fcc69b3,0,0.5113860368728638,,det_only
YouTube-real__00143__a1040d38,0,0.534259557723999,,det_only
YouTube-real__00158__4c71694b,0,0.4572167992591858,,det_only
YouTube-real__00167__272a6fd1,0,0.42903393507003784,,det_only
YouTube-real__00182__1a9e3389,0,0.35064834356307983,,det_only
YouTube-real__00189__1413f3c4,0,0.39155855774879456,,det_only
YouTube-real__00201__4a381149,0,0.538261890411377,,det_only
YouTube-real__00212__a9232d2e,0,0.5049182772636414,,det_only
YouTube-real__00223__600bf6c4,0,0.5269923806190491,,det_only
YouTube-real__00229__72a9c587,0,0.5017430782318115,,det_only
YouTube-real__00235__08165908,0,0.42134523391723633,,det_only
YouTube-real__00244__68f8105b,0,0.5171520709991455,,det_only
YouTube-real__00253__3e62ae98,0,0.3701118230819702,,det_only
YouTube-real__00260__c283544b,0,0.5206944346427917,,det_only
YouTube-real__00273__605ccac8,0,0.4967173933982849,,det_only
YouTube-real__00279__02025645,0,0.5213925242424011,,det_only
YouTube-real__00288__f999c0a9,0,0.48181021213531494,,det_only
YouTube-real__00294__a3f90dd1,0,0.519249439239502,,det_only
